AX,AY,AZ,_id,datetime,label
0.03540,0.99829,-0.11914,61c45e1b172df0c49c99444f,2021/12/23 11:31:39:255,waschen
0.04883,1.00220,-0.12842,61c45e1c172df0c49c994450,2021/12/23 11:31:39:755,waschen
0.04028,0.99487,-0.12231,61c45e1c172df0c49c994451,2021/12/23 11:31:40:253,waschen
0.03979,0.99756,-0.13037,61c45e1d172df0c49c994452,2021/12/23 11:31:40:751,waschen
0.03247,0.99585,-0.12695,61c45e1d172df0c49c994453,2021/12/23 11:31:41:250,waschen
0.03882,0.99756,-0.12378,61c45e7533a39d3301eb034b,2021/12/23 11:33:8:710,pumpen
0.04297,1.00415,-0.12476,61c45e7533a39d3301eb034c,2021/12/23 11:33:9:210,pumpen
0.02954,0.99658,-0.11890,61c45e7633a39d3301eb034d,2021/12/23 11:33:9:708,pumpen
0.03418,0.99292,-0.11304,61c45e7733a39d3301eb034e,2021/12/23 11:33:10:207,pumpen
0.03735,0.99634,-0.10938,61c45e7733a39d3301eb034f,2021/12/23 11:33:10:707,pumpen
0.04175,0.99658,-0.11987,61c45e7733a39d3301eb0350,2021/12/23 11:33:11:206,pumpen
0.04688,1.00024,-0.13062,61c45e7833a39d3301eb0351,2021/12/23 11:33:11:705,pumpen
0.04321,0.99390,-0.11401,61c45e7833a39d3301eb0352,2021/12/23 11:33:12:205,pumpen
0.03857,0.99316,-0.11255,61c45e7933a39d3301eb0353,2021/12/23 11:33:12:705,pumpen
0.02881,0.99609,-0.10620,61c45e7933a39d3301eb0354,2021/12/23 11:33:13:202,pumpen
0.04663,0.99756,-0.10498,61c45e7a33a39d3301eb0355,2021/12/23 11:33:13:701,pumpen
0.04175,0.99731,-0.11230,61c45e7a33a39d3301eb0356,2021/12/23 11:33:14:200,pumpen
0.04321,0.99878,-0.11328,61c45e7b33a39d3301eb0357,2021/12/23 11:33:14:700,pumpen
0.04224,1.00293,-0.10840,61c45e7b33a39d3301eb0358,2021/12/23 11:33:15:198,pumpen
0.04688,0.99805,-0.12109,61c45e7c33a39d3301eb0359,2021/12/23 11:33:15:697,pumpen
0.04541,0.99683,-0.12476,61c45e7c33a39d3301eb035a,2021/12/23 11:33:16:196,pumpen
0.04199,0.99536,-0.11572,61c45e7d33a39d3301eb035b,2021/12/23 11:33:16:695,pumpen
0.04492,0.99731,-0.13062,61c45e7d33a39d3301eb035c,2021/12/23 11:33:17:195,pumpen
0.03809,0.98950,-0.12451,61c45e7e33a39d3301eb035d,2021/12/23 11:33:17:695,pumpen
0.04492,0.99878,-0.13477,61c45e7e33a39d3301eb035e,2021/12/23 11:33:18:193,pumpen
0.03735,0.99756,-0.10596,61c45e7f33a39d3301eb035f,2021/12/23 11:33:18:692,pumpen
0.02588,1.00049,-0.13477,61c45e7f33a39d3301eb0360,2021/12/23 11:33:19:192,pumpen
0.02417,0.99365,-0.10938,61c45e8033a39d3301eb0361,2021/12/23 11:33:19:691,pumpen
0.03442,1.00269,-0.11353,61c45e8033a39d3301eb0362,2021/12/23 11:33:20:190,pumpen
0.02661,0.99390,-0.10889,61c45e8133a39d3301eb0363,2021/12/23 11:33:20:690,pumpen
0.04883,0.99390,-0.11890,61c45e8133a39d3301eb0364,2021/12/23 11:33:21:188,pumpen
0.03442,1.00391,-0.10327,61c45e8233a39d3301eb0365,2021/12/23 11:33:21:688,pumpen
0.03760,0.99902,-0.11450,61c45e8233a39d3301eb0366,2021/12/23 11:33:22:187,pumpen
0.04419,0.99316,-0.10791,61c45e8333a39d3301eb0367,2021/12/23 11:33:22:686,pumpen
0.04248,0.99976,-0.12085,61c45e8333a39d3301eb0368,2021/12/23 11:33:23:185,pumpen
0.04858,0.99536,-0.13013,61c45e8433a39d3301eb0369,2021/12/23 11:33:23:685,pumpen
0.03955,0.99927,-0.12085,61c45e8433a39d3301eb036a,2021/12/23 11:33:24:185,pumpen
0.04663,0.99731,-0.12061,61c45ec082ca226ea2f62a74,2021/12/23 11:34:23:450,waschen
0.04297,0.99243,-0.11719,61c45ec082ca226ea2f62a75,2021/12/23 11:34:23:948,waschen
0.04810,1.00171,-0.12695,61c45ec182ca226ea2f62a76,2021/12/23 11:34:24:446,waschen
0.05029,0.99927,-0.12769,61c45ec182ca226ea2f62a77,2021/12/23 11:34:24:945,waschen
0.04443,0.99390,-0.13672,61c45ec282ca226ea2f62a78,2021/12/23 11:34:25:445,waschen
0.05273,1.00146,-0.12402,61c45ec282ca226ea2f62a79,2021/12/23 11:34:25:942,waschen
0.05225,1.00366,-0.12891,61c45ec382ca226ea2f62a7a,2021/12/23 11:34:26:441,waschen
0.04565,0.99512,-0.12671,61c45ec382ca226ea2f62a7b,2021/12/23 11:34:26:940,waschen
0.04541,0.99878,-0.12158,61c45ec482ca226ea2f62a7c,2021/12/23 11:34:27:438,waschen
0.03760,0.99487,-0.12598,61c45ec482ca226ea2f62a7d,2021/12/23 11:34:27:937,waschen
0.04248,0.99512,-0.11792,61c45ec582ca226ea2f62a7e,2021/12/23 11:34:28:435,waschen
0.03979,1.00293,-0.12646,61c45ec582ca226ea2f62a7f,2021/12/23 11:34:28:937,waschen
0.03760,1.00024,-0.10693,61c45ec682ca226ea2f62a80,2021/12/23 11:34:29:435,waschen
0.03662,0.99683,-0.12061,61c45ec682ca226ea2f62a81,2021/12/23 11:34:29:933,waschen
0.04175,0.99780,-0.11694,61c45ec682ca226ea2f62a82,2021/12/23 11:34:30:432,waschen
0.04541,0.99829,-0.11987,61c45ec782ca226ea2f62a83,2021/12/23 11:34:30:931,waschen
0.03979,1.00488,-0.11768,61c45ec882ca226ea2f62a84,2021/12/23 11:34:31:430,waschen
0.04346,1.00244,-0.11157,61c45ec882ca226ea2f62a85,2021/12/23 11:34:31:930,waschen
0.03931,0.99268,-0.11597,61c45ec982ca226ea2f62a86,2021/12/23 11:34:32:428,waschen
0.04077,1.00024,-0.12207,61c45ec982ca226ea2f62a87,2021/12/23 11:34:32:927,waschen
0.04565,1.00269,-0.12256,61c45ed98a4ec5d31e2a8af8,2021/12/23 11:34:48:876,waschen
0.05737,1.00098,-0.12988,61c45eda8a4ec5d31e2a8af9,2021/12/23 11:34:49:376,waschen
0.04541,0.99780,-0.12427,61c45eda8a4ec5d31e2a8afa,2021/12/23 11:34:49:876,waschen
0.04370,0.99658,-0.11792,61c45eda8a4ec5d31e2a8afb,2021/12/23 11:34:50:375,waschen
0.03857,0.99707,-0.11548,61c45edb8a4ec5d31e2a8afc,2021/12/23 11:34:50:875,waschen
0.04980,0.99780,-0.12622,61c45edc8a4ec5d31e2a8afd,2021/12/23 11:34:51:375,waschen
0.03784,0.99951,-0.12158,61c45edc8a4ec5d31e2a8afe,2021/12/23 11:34:51:873,waschen
0.03955,0.99194,-0.11841,61c45edd8a4ec5d31e2a8aff,2021/12/23 11:34:52:372,waschen
0.03564,0.99805,-0.13867,61c45edd8a4ec5d31e2a8b00,2021/12/23 11:34:52:871,waschen
0.04321,0.99463,-0.12402,61c45edd8a4ec5d31e2a8b01,2021/12/23 11:34:53:370,waschen
0.04224,0.98877,-0.13062,61c45ede8a4ec5d31e2a8b02,2021/12/23 11:34:53:870,waschen
0.03638,0.99731,-0.11377,61c45edf8a4ec5d31e2a8b03,2021/12/23 11:34:54:368,waschen
0.03589,0.99878,-0.12671,61c45edf8a4ec5d31e2a8b04,2021/12/23 11:34:54:867,waschen
0.03467,1.00220,-0.12427,61c45ee08a4ec5d31e2a8b05,2021/12/23 11:34:55:367,waschen
0.03564,0.99951,-0.13062,61c45ee08a4ec5d31e2a8b06,2021/12/23 11:34:55:866,waschen
0.04395,0.99878,-0.13696,61c45ee18a4ec5d31e2a8b07,2021/12/23 11:34:56:365,waschen
0.04028,0.99780,-0.10938,61c45ee18a4ec5d31e2a8b08,2021/12/23 11:34:56:865,waschen
0.04346,0.99756,-0.11768,61c45ee28a4ec5d31e2a8b09,2021/12/23 11:34:57:363,waschen
0.05737,0.99243,-0.13110,61c45ee28a4ec5d31e2a8b0a,2021/12/23 11:34:57:863,waschen
0.04077,0.99536,-0.12451,61c45ee38a4ec5d31e2a8b0b,2021/12/23 11:34:58:362,waschen
0.04126,1.00317,-0.12183,61c45ee38a4ec5d31e2a8b0c,2021/12/23 11:34:58:861,waschen
0.02759,0.99365,-0.13306,61c45ee38a4ec5d31e2a8b0d,2021/12/23 11:34:59:360,waschen
0.03857,0.99805,-0.12256,61c45ee48a4ec5d31e2a8b0e,2021/12/23 11:34:59:860,waschen
0.04395,1.00488,-0.12402,61c45f04f14342d6d068e2ed,2021/12/23 11:35:32:246,waschen
0.03809,1.00171,-0.12012,61c45f05f14342d6d068e2ee,2021/12/23 11:35:32:745,waschen
0.04102,0.99902,-0.12134,61c45f05f14342d6d068e2ef,2021/12/23 11:35:33:243,waschen
0.03198,0.99707,-0.12915,61c45f06f14342d6d068e2f0,2021/12/23 11:35:33:742,waschen
0.02759,0.98950,-0.12451,61c45f06f14342d6d068e2f1,2021/12/23 11:35:34:241,waschen
0.04028,0.99927,-0.11865,61c45f07f14342d6d068e2f2,2021/12/23 11:35:34:740,waschen
0.03369,1.00049,-0.11743,61c45f07f14342d6d068e2f3,2021/12/23 11:35:35:240,waschen
0.02905,1.00171,-0.12842,61c45f08f14342d6d068e2f4,2021/12/23 11:35:35:737,waschen
0.04126,0.99170,-0.09399,61c45f08f14342d6d068e2f5,2021/12/23 11:35:36:235,waschen
0.03345,0.99194,-0.10205,61c45f09f14342d6d068e2f6,2021/12/23 11:35:36:735,waschen
0.04126,0.99902,-0.14233,61c45f09f14342d6d068e2f7,2021/12/23 11:35:37:232,waschen
0.04004,1.00195,-0.11963,61c45f0af14342d6d068e2f8,2021/12/23 11:35:37:730,waschen
0.04517,0.99927,-0.10840,61c45f0af14342d6d068e2f9,2021/12/23 11:35:38:230,waschen
0.04932,0.99780,-0.12036,61c45f0bf14342d6d068e2fa,2021/12/23 11:35:38:728,waschen
0.04370,1.00244,-0.13330,61c45f0bf14342d6d068e2fb,2021/12/23 11:35:39:227,waschen
0.03931,1.00244,-0.12207,61c45f0bf14342d6d068e2fc,2021/12/23 11:35:39:726,waschen
0.04272,0.99194,-0.12012,61c45f0cf14342d6d068e2fd,2021/12/23 11:35:40:225,waschen
0.04346,0.99951,-0.10718,61c45f0df14342d6d068e2fe,2021/12/23 11:35:40:723,waschen
0.04736,0.99756,-0.13013,61c45f0df14342d6d068e2ff,2021/12/23 11:35:41:220,waschen
0.03979,0.99219,-0.12061,61c45f0ef14342d6d068e300,2021/12/23 11:35:41:718,waschen
0.04395,1.00146,-0.12842,61c45f0ef14342d6d068e301,2021/12/23 11:35:42:216,waschen
0.04321,0.99683,-0.12549,61c45f0ef14342d6d068e302,2021/12/23 11:35:42:715,waschen
0.04614,0.99707,-0.11499,61c45f0ff14342d6d068e303,2021/12/23 11:35:43:213,waschen
0.04077,0.99365,-0.12378,61c45f10f14342d6d068e304,2021/12/23 11:35:43:711,waschen
0.04053,0.99438,-0.11816,61c45f10f14342d6d068e305,2021/12/23 11:35:44:210,waschen
0.03931,0.99683,-0.11450,61c45f11f14342d6d068e306,2021/12/23 11:35:44:708,waschen
0.04297,0.99902,-0.15381,61c45f11f14342d6d068e307,2021/12/23 11:35:45:207,waschen
0.03223,0.99878,-0.11768,61c45f11f14342d6d068e308,2021/12/23 11:35:45:706,waschen
0.04858,0.99536,-0.12646,61c45f12f14342d6d068e309,2021/12/23 11:35:46:205,waschen
0.03613,0.99854,-0.13037,61c45f13f14342d6d068e30a,2021/12/23 11:35:46:703,waschen
0.03979,0.99683,-0.11328,61c45f13f14342d6d068e30b,2021/12/23 11:35:47:202,waschen
0.03125,1.00171,-0.11206,61c45f13f14342d6d068e30c,2021/12/23 11:35:47:700,waschen
0.04150,0.98779,-0.12988,61c45f14f14342d6d068e30d,2021/12/23 11:35:48:198,waschen
0.04395,0.99512,-0.11938,61c45f15f14342d6d068e30e,2021/12/23 11:35:48:696,waschen
0.03931,0.99585,-0.12793,61c45f15f14342d6d068e30f,2021/12/23 11:35:49:195,waschen
0.04077,0.99536,-0.12231,61c45f2ba640d4ecc2a2c6de,2021/12/23 11:36:10:408,leerlauf
0.04199,1.00171,-0.12305,61c45f2ca640d4ecc2a2c6df,2021/12/23 11:36:10:908,leerlauf
0.03589,1.00073,-0.12207,61c45f2ca640d4ecc2a2c6e0,2021/12/23 11:36:11:410,leerlauf
0.04272,0.99878,-0.11914,61c45f2ca640d4ecc2a2c6e1,2021/12/23 11:36:11:910,leerlauf
0.03931,1.00098,-0.11816,61c45f2da640d4ecc2a2c6e2,2021/12/23 11:36:12:410,leerlauf
0.04346,1.00122,-0.12085,61c45f2ea640d4ecc2a2c6e3,2021/12/23 11:36:12:910,leerlauf
0.04419,0.99194,-0.12573,61c45f2ea640d4ecc2a2c6e4,2021/12/23 11:36:13:410,leerlauf
0.03687,1.00000,-0.11548,61c45f2fa640d4ecc2a2c6e5,2021/12/23 11:36:13:910,leerlauf
0.04102,0.99780,-0.12305,61c45f2fa640d4ecc2a2c6e6,2021/12/23 11:36:14:410,leerlauf
0.04175,1.00146,-0.12354,61c45f30a640d4ecc2a2c6e7,2021/12/23 11:36:14:910,leerlauf
0.03613,1.00464,-0.11816,61c45f30a640d4ecc2a2c6e8,2021/12/23 11:36:15:410,leerlauf
0.04028,0.99683,-0.11694,61c45f470377e651a6326ce6,2021/12/23 11:36:38:575,leerlauf
0.04565,0.99927,-0.10938,61c45f470377e651a6326ce7,2021/12/23 11:36:39:75,leerlauf
0.04492,0.99731,-0.12939,61c45f480377e651a6326ce8,2021/12/23 11:36:39:575,leerlauf
0.03784,1.00000,-0.11963,61c45f480377e651a6326ce9,2021/12/23 11:36:40:75,leerlauf
0.04272,0.99780,-0.11792,61c45f490377e651a6326cea,2021/12/23 11:36:40:575,leerlauf
0.04199,0.99731,-0.12085,61c45f4a0377e651a6326ceb,2021/12/23 11:36:41:74,leerlauf
0.03711,1.00513,-0.11938,61c45f4a0377e651a6326cec,2021/12/23 11:36:41:573,leerlauf
0.03833,0.99707,-0.12720,61c45f4a0377e651a6326ced,2021/12/23 11:36:42:74,leerlauf
0.04346,0.99414,-0.11646,61c45f4b0377e651a6326cee,2021/12/23 11:36:42:573,leerlauf
0.04150,0.99902,-0.11621,61c45f4c0377e651a6326cef,2021/12/23 11:36:43:74,leerlauf
0.04126,0.99731,-0.11816,61c45f4c0377e651a6326cf0,2021/12/23 11:36:43:573,leerlauf
0.04028,0.99707,-0.12085,61c45f4c0377e651a6326cf1,2021/12/23 11:36:44:74,leerlauf
0.04468,0.99634,-0.12061,61c45f4d0377e651a6326cf2,2021/12/23 11:36:44:573,leerlauf
0.04175,0.99976,-0.11401,61c45f4d0377e651a6326cf3,2021/12/23 11:36:45:75,leerlauf
0.03345,0.99292,-0.12207,61c45f4e0377e651a6326cf4,2021/12/23 11:36:45:575,leerlauf
0.04248,0.99634,-0.12256,61c45f4f0377e651a6326cf5,2021/12/23 11:36:46:75,leerlauf
0.04175,0.99731,-0.12231,61c45f4f0377e651a6326cf6,2021/12/23 11:36:46:575,leerlauf
0.03955,1.00146,-0.12305,61c45f5f64c1083a420663f8,2021/12/23 11:37:1:960,leerlauf
0.03906,0.99976,-0.11914,61c45f5f64c1083a420663f9,2021/12/23 11:37:2:460,leerlauf
0.03467,0.99634,-0.11963,61c45f6064c1083a420663fa,2021/12/23 11:37:2:960,leerlauf
0.04272,0.99438,-0.12085,61c45f6064c1083a420663fb,2021/12/23 11:37:3:460,leerlauf
0.04053,1.00415,-0.12622,61c45f6064c1083a420663fc,2021/12/23 11:37:3:960,leerlauf
0.04419,0.99927,-0.10962,61c45f76d8e6b95692f1b846,2021/12/23 11:37:25:836,leerlauf
0.04614,0.99805,-0.11841,61c45f77d8e6b95692f1b847,2021/12/23 11:37:26:336,leerlauf
0.04663,1.00171,-0.12305,61c45f78d8e6b95692f1b848,2021/12/23 11:37:26:835,leerlauf
0.04150,0.99805,-0.11670,61c45f78d8e6b95692f1b849,2021/12/23 11:37:27:335,leerlauf
0.04175,0.99927,-0.12622,61c45f79d8e6b95692f1b84a,2021/12/23 11:37:27:835,leerlauf
0.04077,0.99658,-0.12329,61c45f79d8e6b95692f1b84b,2021/12/23 11:37:28:335,leerlauf
0.04272,0.99756,-0.13037,61c45f79d8e6b95692f1b84c,2021/12/23 11:37:28:833,leerlauf
0.03931,0.99194,-0.11890,61c45f7ad8e6b95692f1b84d,2021/12/23 11:37:29:333,leerlauf
0.04346,0.99658,-0.12354,61c45f7ad8e6b95692f1b84e,2021/12/23 11:37:29:833,leerlauf
0.04614,0.99292,-0.11426,61c45f7bd8e6b95692f1b84f,2021/12/23 11:37:30:332,leerlauf
0.04517,1.00073,-0.12280,61c45f7cd8e6b95692f1b850,2021/12/23 11:37:30:832,leerlauf
0.04150,0.99707,-0.12573,61c45f7cd8e6b95692f1b851,2021/12/23 11:37:31:332,leerlauf
0.04126,0.99927,-0.10938,61c45f7dd8e6b95692f1b852,2021/12/23 11:37:31:831,leerlauf
0.03882,1.00024,-0.10547,61c45f7dd8e6b95692f1b853,2021/12/23 11:37:32:330,leerlauf
0.04688,1.00146,-0.11987,61c45f7dd8e6b95692f1b854,2021/12/23 11:37:32:830,leerlauf
0.04028,1.00439,-0.11914,61c45f7ed8e6b95692f1b855,2021/12/23 11:37:33:330,leerlauf
0.03955,1.00171,-0.10986,61c45f7fd8e6b95692f1b856,2021/12/23 11:37:33:830,leerlauf
0.04663,1.00195,-0.11865,61c4607143324855aa8cfa16,2021/12/23 11:41:36:325,waschen
0.04785,1.00000,-0.12231,61c4607143324855aa8cfa17,2021/12/23 11:41:36:825,waschen
0.03979,1.00073,-0.11890,61c4607243324855aa8cfa18,2021/12/23 11:41:37:325,waschen
0.03931,1.00146,-0.11816,61c4607343324855aa8cfa19,2021/12/23 11:41:37:825,waschen
0.05420,1.00024,-0.12573,61c4607343324855aa8cfa1a,2021/12/23 11:41:38:325,waschen
0.04321,1.00269,-0.11108,61c4607343324855aa8cfa1b,2021/12/23 11:41:38:825,waschen
0.03247,0.99487,-0.11963,61c4607443324855aa8cfa1c,2021/12/23 11:41:39:325,waschen
0.04565,0.99463,-0.12769,61c4607443324855aa8cfa1d,2021/12/23 11:41:39:825,waschen
0.03931,1.00000,-0.11572,61c4607543324855aa8cfa1e,2021/12/23 11:41:40:323,waschen
0.03223,1.00098,-0.12305,61c460973f7da1c9087213d7,2021/12/23 11:42:14:306,waschen
0.04321,0.99756,-0.12939,61c460973f7da1c9087213d8,2021/12/23 11:42:14:806,waschen
0.04175,0.99878,-0.13013,61c460983f7da1c9087213d9,2021/12/23 11:42:15:306,waschen
0.04321,0.99854,-0.11157,61c460983f7da1c9087213da,2021/12/23 11:42:15:806,waschen
0.04199,1.00073,-0.10742,61c460993f7da1c9087213db,2021/12/23 11:42:16:306,waschen
0.03857,0.99854,-0.11353,61c4609a3f7da1c9087213dc,2021/12/23 11:42:16:806,waschen
0.04004,0.99634,-0.12109,61c4609a3f7da1c9087213dd,2021/12/23 11:42:17:306,waschen
0.04102,1.00439,-0.12646,61c4609a3f7da1c9087213de,2021/12/23 11:42:17:806,waschen
0.04077,1.00830,-0.11279,61c4609b3f7da1c9087213df,2021/12/23 11:42:18:306,waschen
0.04761,0.99390,-0.11523,61c4609c3f7da1c9087213e0,2021/12/23 11:42:18:805,waschen
0.04956,0.99927,-0.11963,61c4609c3f7da1c9087213e1,2021/12/23 11:42:19:306,waschen
0.03857,0.99780,-0.12744,61c4609c3f7da1c9087213e2,2021/12/23 11:42:19:805,waschen
0.04150,0.99536,-0.10742,61c4609d3f7da1c9087213e3,2021/12/23 11:42:20:306,waschen
0.04712,1.00146,-0.12061,61c4609d3f7da1c9087213e4,2021/12/23 11:42:20:805,waschen
0.04199,0.99585,-0.12646,61c4609e3f7da1c9087213e5,2021/12/23 11:42:21:305,waschen
0.05078,1.00244,-0.13208,61c4609f3f7da1c9087213e6,2021/12/23 11:42:21:805,waschen
0.03711,0.99756,-0.12451,61c4609f3f7da1c9087213e7,2021/12/23 11:42:22:305,waschen
0.04395,0.99365,-0.11987,61c460af388969b22b5f7b44,2021/12/23 11:42:39:20,waschen
0.03931,1.00659,-0.12305,61c460b0388969b22b5f7b45,2021/12/23 11:42:39:520,waschen
0.04321,0.99854,-0.11255,61c460b0388969b22b5f7b46,2021/12/23 11:42:40:20,waschen
0.04077,0.99707,-0.11499,61c460b0388969b22b5f7b47,2021/12/23 11:42:40:520,waschen
0.04614,1.00366,-0.12256,61c460b1388969b22b5f7b48,2021/12/23 11:42:41:20,waschen
0.04297,1.00024,-0.11450,61c460b1388969b22b5f7b49,2021/12/23 11:42:41:522,waschen
0.04150,0.99878,-0.12769,61c460b2388969b22b5f7b4a,2021/12/23 11:42:42:20,waschen
0.04126,0.99561,-0.10474,61c460c52880d1a5c1a2f977,2021/12/23 11:43:0:567,waschen
0.03564,0.99634,-0.11401,61c460c62880d1a5c1a2f978,2021/12/23 11:43:1:66,waschen
0.03662,1.00195,-0.11060,61c460c62880d1a5c1a2f979,2021/12/23 11:43:1:567,waschen
0.04126,0.99951,-0.11621,61c460c62880d1a5c1a2f97a,2021/12/23 11:43:2:66,waschen
0.03638,1.00977,-0.11865,61c460c72880d1a5c1a2f97b,2021/12/23 11:43:2:567,waschen
0.03271,0.99805,-0.11768,61c460c72880d1a5c1a2f97c,2021/12/23 11:43:3:66,waschen
0.04346,0.99976,-0.10596,61c460c82880d1a5c1a2f97d,2021/12/23 11:43:3:567,waschen
0.03979,0.99731,-0.13330,61c460c92880d1a5c1a2f97e,2021/12/23 11:43:4:66,waschen
0.04053,1.00513,-0.13330,61c460c92880d1a5c1a2f97f,2021/12/23 11:43:4:567,waschen
0.03711,1.00269,-0.12280,61c460c92880d1a5c1a2f980,2021/12/23 11:43:5:66,waschen
0.03491,1.00000,-0.12256,61c460dd1b833c9885d0d852,2021/12/23 11:43:25:48,waschen
0.04297,1.00073,-0.12012,61c460dd1b833c9885d0d853,2021/12/23 11:43:25:547,waschen
0.04077,0.99854,-0.12695,61c460de1b833c9885d0d854,2021/12/23 11:43:26:47,waschen
0.04248,0.99756,-0.12427,61c460de1b833c9885d0d855,2021/12/23 11:43:26:547,waschen
0.04590,0.99731,-0.12329,61c460df1b833c9885d0d856,2021/12/23 11:43:27:46,waschen
0.04443,1.00098,-0.11255,61c460e01b833c9885d0d857,2021/12/23 11:43:27:545,waschen
0.03931,0.99390,-0.12402,61c460e01b833c9885d0d858,2021/12/23 11:43:28:45,waschen
0.04272,1.00098,-0.13550,61c460e01b833c9885d0d859,2021/12/23 11:43:28:543,waschen
0.04321,0.99951,-0.12085,61c460e11b833c9885d0d85a,2021/12/23 11:43:29:41,waschen
0.04102,1.00244,-0.12744,61c460e11b833c9885d0d85b,2021/12/23 11:43:29:540,waschen
0.04761,0.99487,-0.10474,61c460e21b833c9885d0d85c,2021/12/23 11:43:30:40,waschen
0.04419,1.00244,-0.11743,61c460e31b833c9885d0d85d,2021/12/23 11:43:30:540,waschen
0.03735,1.00049,-0.12549,61c460e31b833c9885d0d85e,2021/12/23 11:43:31:38,waschen
0.04688,1.00098,-0.12109,61c460e41b833c9885d0d85f,2021/12/23 11:43:31:537,waschen
0.04468,1.00317,-0.13086,61c460e41b833c9885d0d860,2021/12/23 11:43:32:37,waschen
0.04736,0.99805,-0.11890,61c460e51b833c9885d0d861,2021/12/23 11:43:32:537,waschen
0.04102,0.99731,-0.12012,61c460e51b833c9885d0d862,2021/12/23 11:43:33:35,waschen
0.04443,0.99365,-0.05078,61c460e51b833c9885d0d863,2021/12/23 11:43:33:535,waschen
0.03711,1.00171,-0.11694,61c460e61b833c9885d0d864,2021/12/23 11:43:34:35,waschen
0.04541,0.99731,-0.10938,61c460e71b833c9885d0d865,2021/12/23 11:43:34:535,waschen
0.04614,0.99634,-0.12036,61c460e71b833c9885d0d866,2021/12/23 11:43:35:35,waschen
0.04834,0.99927,-0.12622,61c460e81b833c9885d0d867,2021/12/23 11:43:35:533,waschen
0.03906,1.00000,-0.12451,61c460e81b833c9885d0d868,2021/12/23 11:43:36:33,waschen
0.03711,0.99341,-0.12134,61c460e91b833c9885d0d869,2021/12/23 11:43:36:532,waschen
0.03760,0.99609,-0.11890,61c460fa668f59509915a19b,2021/12/23 11:43:52:875,leerlauf
0.04126,0.99463,-0.11865,61c460fa668f59509915a19c,2021/12/23 11:43:53:373,leerlauf
0.03613,0.99976,-0.12183,61c460fb668f59509915a19d,2021/12/23 11:43:53:872,leerlauf
0.04248,1.00854,-0.12012,61c460fb668f59509915a19e,2021/12/23 11:43:54:372,leerlauf
0.03760,0.99316,-0.12402,61c46122371d8a29525db1da,2021/12/23 11:44:33:655,waschen
0.04468,0.99268,-0.11914,61c46122371d8a29525db1db,2021/12/23 11:44:34:155,waschen
0.04321,0.99731,-0.11597,61c46123371d8a29525db1dc,2021/12/23 11:44:34:655,waschen
0.04590,0.99976,-0.11401,61c46123371d8a29525db1dd,2021/12/23 11:44:35:155,waschen
0.04517,0.99951,-0.12134,61c46124371d8a29525db1de,2021/12/23 11:44:35:655,waschen
0.04248,1.00244,-0.12109,61c46124371d8a29525db1df,2021/12/23 11:44:36:155,waschen
0.04150,0.99536,-0.13330,61c46125371d8a29525db1e0,2021/12/23 11:44:36:655,waschen
0.04492,0.98828,-0.10840,61c46125371d8a29525db1e1,2021/12/23 11:44:37:155,waschen
0.03394,0.99683,-0.12549,61c46125371d8a29525db1e2,2021/12/23 11:44:37:655,waschen
0.04443,0.99707,-0.11694,61c46126371d8a29525db1e3,2021/12/23 11:44:38:153,waschen
0.04150,0.99609,-0.12769,61c46127371d8a29525db1e4,2021/12/23 11:44:38:653,waschen
0.04565,0.99316,-0.12988,61c46127371d8a29525db1e5,2021/12/23 11:44:39:153,waschen
0.04419,0.99463,-0.13257,61c46128371d8a29525db1e6,2021/12/23 11:44:39:652,waschen
0.04224,1.00317,-0.13770,61c46128371d8a29525db1e7,2021/12/23 11:44:40:153,waschen
0.03491,1.00366,-0.12573,61c46129371d8a29525db1e8,2021/12/23 11:44:40:651,waschen
0.04517,1.00391,-0.15381,61c46129371d8a29525db1e9,2021/12/23 11:44:41:151,waschen
0.04297,1.00488,-0.10693,61c4612a371d8a29525db1ea,2021/12/23 11:44:41:650,waschen
0.04370,1.00757,-0.12598,61c4612a371d8a29525db1eb,2021/12/23 11:44:42:150,waschen
0.04688,0.99780,-0.11157,61c4612b371d8a29525db1ec,2021/12/23 11:44:42:650,waschen
0.03662,1.00098,-0.12329,61c4612b371d8a29525db1ed,2021/12/23 11:44:43:150,waschen
0.05298,0.99951,-0.12402,61c4612c371d8a29525db1ee,2021/12/23 11:44:43:650,waschen
0.04126,1.00220,-0.14355,61c4612c371d8a29525db1ef,2021/12/23 11:44:44:150,waschen
0.04004,0.99585,-0.11914,61c4612d371d8a29525db1f0,2021/12/23 11:44:44:648,waschen
0.03076,0.99438,-0.12866,61c4612d371d8a29525db1f1,2021/12/23 11:44:45:148,waschen
0.04028,1.00171,-0.12598,61c4612e371d8a29525db1f2,2021/12/23 11:44:45:648,waschen
0.03296,0.98608,-0.12793,61c462824b1fcee6ebac0ebe,2021/12/23 11:50:25:287,pumpen
0.04126,0.98047,-0.10205,61c462834b1fcee6ebac0ebf,2021/12/23 11:50:25:785,pumpen
0.06079,0.98071,-0.12183,61c462844b1fcee6ebac0ec0,2021/12/23 11:50:26:283,pumpen
0.02515,0.98682,-0.11206,61c462844b1fcee6ebac0ec1,2021/12/23 11:50:26:781,pumpen
0.07104,0.98315,-0.06274,61c462844b1fcee6ebac0ec2,2021/12/23 11:50:27:280,pumpen
0.04199,0.99536,-0.09229,61c462854b1fcee6ebac0ec3,2021/12/23 11:50:27:777,pumpen
0.05029,0.97900,-0.11597,61c462854b1fcee6ebac0ec4,2021/12/23 11:50:28:276,pumpen
0.06494,0.98096,-0.15015,61c462864b1fcee6ebac0ec5,2021/12/23 11:50:28:775,pumpen
0.07031,1.01245,-0.14160,61c462864b1fcee6ebac0ec6,2021/12/23 11:50:29:273,pumpen
0.05542,0.99023,-0.12622,61c462874b1fcee6ebac0ec7,2021/12/23 11:50:29:772,pumpen
0.05298,1.00635,-0.13745,61c462874b1fcee6ebac0ec8,2021/12/23 11:50:30:271,pumpen
0.07593,0.98438,-0.08643,61c462884b1fcee6ebac0ec9,2021/12/23 11:50:30:770,pumpen
0.05566,0.99023,-0.10815,61c462894b1fcee6ebac0eca,2021/12/23 11:50:31:268,pumpen
0.06299,0.98779,-0.08667,61c462894b1fcee6ebac0ecb,2021/12/23 11:50:31:767,pumpen
0.06958,0.99512,-0.07471,61c462894b1fcee6ebac0ecc,2021/12/23 11:50:32:266,pumpen
0.07349,0.98608,-0.09595,61c4628a4b1fcee6ebac0ecd,2021/12/23 11:50:32:765,pumpen
0.06592,0.98608,-0.10913,61c4628a4b1fcee6ebac0ece,2021/12/23 11:50:33:263,pumpen
0.07422,0.99170,-0.07788,61c4628b4b1fcee6ebac0ecf,2021/12/23 11:50:33:761,pumpen
0.04883,0.99780,-0.07324,61c4628c4b1fcee6ebac0ed0,2021/12/23 11:50:34:261,pumpen
0.05786,0.98584,-0.07690,61c4628c4b1fcee6ebac0ed1,2021/12/23 11:50:34:760,pumpen
0.06958,0.98218,-0.08984,61c4628c4b1fcee6ebac0ed2,2021/12/23 11:50:35:257,pumpen
0.06763,0.98071,-0.12231,61c4628d4b1fcee6ebac0ed3,2021/12/23 11:50:35:756,pumpen
0.04810,0.97266,-0.08716,61c4628d4b1fcee6ebac0ed4,2021/12/23 11:50:36:255,pumpen
0.05640,0.99292,-0.07471,61c4628e4b1fcee6ebac0ed5,2021/12/23 11:50:36:753,pumpen
0.01416,0.97266,-0.07788,61c4628f4b1fcee6ebac0ed6,2021/12/23 11:50:37:252,pumpen
0.03345,0.98584,-0.13965,61c4628f4b1fcee6ebac0ed7,2021/12/23 11:50:37:751,pumpen
0.05933,0.99365,-0.11914,61c4628f4b1fcee6ebac0ed8,2021/12/23 11:50:38:250,pumpen
0.03027,0.98877,-0.07715,61c462904b1fcee6ebac0ed9,2021/12/23 11:50:38:748,pumpen
0.04883,0.98853,-0.17798,61c462904b1fcee6ebac0eda,2021/12/23 11:50:39:246,pumpen
0.05469,0.98975,-0.10669,61c462914b1fcee6ebac0edb,2021/12/23 11:50:39:745,pumpen
0.02905,0.98340,-0.16699,61c462924b1fcee6ebac0edc,2021/12/23 11:50:40:243,pumpen
0.05518,0.99414,-0.14819,61c462924b1fcee6ebac0edd,2021/12/23 11:50:40:741,pumpen
0.03345,1.00464,-0.16895,61c462924b1fcee6ebac0ede,2021/12/23 11:50:41:240,pumpen
0.04565,0.97705,-0.09351,61c462934b1fcee6ebac0edf,2021/12/23 11:50:41:738,pumpen
0.03906,0.97485,-0.06885,61c462934b1fcee6ebac0ee0,2021/12/23 11:50:42:236,pumpen
0.02881,0.97778,-0.09839,61c462944b1fcee6ebac0ee1,2021/12/23 11:50:42:735,pumpen
0.03491,0.98145,-0.09985,61c462944b1fcee6ebac0ee2,2021/12/23 11:50:43:233,pumpen
0.04907,0.98682,-0.15503,61c462954b1fcee6ebac0ee3,2021/12/23 11:50:43:731,pumpen
0.04248,0.97534,-0.10693,61c462964b1fcee6ebac0ee4,2021/12/23 11:50:44:230,pumpen
0.03613,1.00317,-0.17261,61c462964b1fcee6ebac0ee5,2021/12/23 11:50:44:728,pumpen
0.05054,0.99658,-0.16602,61c462964b1fcee6ebac0ee6,2021/12/23 11:50:45:226,pumpen
0.07007,1.02075,-0.15112,61c462974b1fcee6ebac0ee7,2021/12/23 11:50:45:725,pumpen
0.05127,1.02588,-0.12183,61c462984b1fcee6ebac0ee8,2021/12/23 11:50:46:223,pumpen
0.02588,1.01538,-0.20337,61c462984b1fcee6ebac0ee9,2021/12/23 11:50:46:722,pumpen
0.04688,1.02612,-0.16138,61c462984b1fcee6ebac0eea,2021/12/23 11:50:47:220,pumpen
0.03027,1.02563,-0.19214,61c462994b1fcee6ebac0eeb,2021/12/23 11:50:47:718,pumpen
0.04932,1.02441,-0.20361,61c4629a4b1fcee6ebac0eec,2021/12/23 11:50:48:217,pumpen
0.01416,1.01587,-0.15088,61c4629a4b1fcee6ebac0eed,2021/12/23 11:50:48:715,pumpen
0.05542,0.99683,-0.23877,61c4629a4b1fcee6ebac0eee,2021/12/23 11:50:49:213,pumpen
0.02637,1.03003,-0.15039,61c4629b4b1fcee6ebac0eef,2021/12/23 11:50:49:712,pumpen
0.07007,1.01855,-0.11328,61c4629b4b1fcee6ebac0ef0,2021/12/23 11:50:50:210,pumpen
0.03540,1.02637,-0.19238,61c4629c4b1fcee6ebac0ef1,2021/12/23 11:50:50:710,pumpen
0.07690,1.02466,-0.12378,61c4629c4b1fcee6ebac0ef2,2021/12/23 11:50:51:207,pumpen
0.01782,1.01758,-0.10449,61c4629d4b1fcee6ebac0ef3,2021/12/23 11:50:51:705,pumpen
0.05737,1.01294,-0.12964,61c4629e4b1fcee6ebac0ef4,2021/12/23 11:50:52:205,pumpen
0.01807,1.03394,-0.19385,61c4629e4b1fcee6ebac0ef5,2021/12/23 11:50:52:702,pumpen
0.04321,1.02319,-0.20142,61c4629e4b1fcee6ebac0ef6,2021/12/23 11:50:53:200,pumpen
0.04590,1.02271,-0.14648,61c4629f4b1fcee6ebac0ef7,2021/12/23 11:50:53:698,pumpen
0.04858,1.01025,-0.10205,61c4629f4b1fcee6ebac0ef8,2021/12/23 11:50:54:197,pumpen
0.02490,1.02637,-0.18604,61c462a04b1fcee6ebac0ef9,2021/12/23 11:50:54:695,pumpen
0.03369,1.00122,-0.13501,61c462a04b1fcee6ebac0efa,2021/12/23 11:50:55:192,pumpen
0.01147,1.03638,-0.15527,61c462a14b1fcee6ebac0efb,2021/12/23 11:50:55:690,pumpen
0.01025,1.02710,-0.16992,61c462a24b1fcee6ebac0efc,2021/12/23 11:50:56:188,pumpen
0.04443,1.00854,-0.11133,61c462a24b1fcee6ebac0efd,2021/12/23 11:50:56:686,pumpen
0.05298,1.01221,-0.18213,61c462a24b1fcee6ebac0efe,2021/12/23 11:50:57:185,pumpen
0.06177,1.02344,-0.19141,61c462a34b1fcee6ebac0eff,2021/12/23 11:50:57:682,pumpen
0.01807,1.01733,-0.12158,61c462a34b1fcee6ebac0f00,2021/12/23 11:50:58:181,pumpen
0.03467,1.02637,-0.09546,61c462a44b1fcee6ebac0f01,2021/12/23 11:50:58:680,pumpen
0.05078,1.02490,-0.21118,61c462a54b1fcee6ebac0f02,2021/12/23 11:50:59:177,pumpen
0.05396,1.02490,-0.11670,61c462a54b1fcee6ebac0f03,2021/12/23 11:50:59:676,pumpen
0.02588,1.01978,-0.20801,61c462a64b1fcee6ebac0f04,2021/12/23 11:51:0:175,pumpen
0.03442,1.02588,-0.11890,61c462a64b1fcee6ebac0f05,2021/12/23 11:51:0:672,pumpen
0.00122,0.98999,-0.19385,61c462a64b1fcee6ebac0f06,2021/12/23 11:51:1:171,pumpen
0.02515,0.98755,-0.12451,61c462a74b1fcee6ebac0f07,2021/12/23 11:51:1:668,pumpen
-0.00342,1.02148,-0.20972,61c462a84b1fcee6ebac0f08,2021/12/23 11:51:2:166,pumpen
0.04761,1.00293,-0.07813,61c462a84b1fcee6ebac0f09,2021/12/23 11:51:2:665,pumpen
-0.04175,1.02319,-0.18774,61c462a84b1fcee6ebac0f0a,2021/12/23 11:51:3:163,pumpen
0.05908,1.01270,-0.11401,61c462a94b1fcee6ebac0f0b,2021/12/23 11:51:3:661,pumpen
0.02637,1.03003,-0.16284,61c462a94b1fcee6ebac0f0c,2021/12/23 11:51:4:160,pumpen
0.06958,1.00806,-0.12256,61c462aa4b1fcee6ebac0f0d,2021/12/23 11:51:4:658,pumpen
0.02271,0.99976,-0.20972,61c462ab4b1fcee6ebac0f0e,2021/12/23 11:51:5:158,pumpen
0.07202,0.99731,-0.15894,61c462ab4b1fcee6ebac0f0f,2021/12/23 11:51:5:655,pumpen
0.01123,1.00806,-0.12134,61c462ab4b1fcee6ebac0f10,2021/12/23 11:51:6:153,pumpen
0.07690,0.99487,-0.09619,61c462ac4b1fcee6ebac0f11,2021/12/23 11:51:6:652,pumpen
0.03540,1.00366,-0.17139,61c462ac4b1fcee6ebac0f12,2021/12/23 11:51:7:151,pumpen
0.03271,0.99658,-0.18799,61c462ad4b1fcee6ebac0f13,2021/12/23 11:51:7:650,pumpen
0.05249,1.02124,-0.16846,61c462ad4b1fcee6ebac0f14,2021/12/23 11:51:8:148,pumpen
-0.00562,1.02222,-0.19019,61c462ae4b1fcee6ebac0f15,2021/12/23 11:51:8:646,pumpen
0.00073,0.99512,-0.18457,61c462ae4b1fcee6ebac0f16,2021/12/23 11:51:9:145,pumpen
0.04761,0.99243,-0.09790,61c462af4b1fcee6ebac0f17,2021/12/23 11:51:9:643,pumpen
0.03320,1.00562,-0.12524,61c462af4b1fcee6ebac0f18,2021/12/23 11:51:10:141,pumpen
0.06250,0.99609,-0.14819,61c462b04b1fcee6ebac0f19,2021/12/23 11:51:10:640,pumpen
0.02173,0.99268,-0.12085,61c462b04b1fcee6ebac0f1a,2021/12/23 11:51:11:138,pumpen
0.02759,1.00073,-0.14111,61c462b14b1fcee6ebac0f1b,2021/12/23 11:51:11:637,pumpen
0.04663,0.98560,-0.17871,61c462b14b1fcee6ebac0f1c,2021/12/23 11:51:12:135,pumpen
0.03564,0.97998,-0.04688,61c462b24b1fcee6ebac0f1d,2021/12/23 11:51:12:633,pumpen
-0.00903,0.98584,-0.19775,61c462b34b1fcee6ebac0f1e,2021/12/23 11:51:13:131,pumpen
0.03174,0.95728,-0.18188,61c462b34b1fcee6ebac0f1f,2021/12/23 11:51:13:630,pumpen
0.02344,0.97656,-0.07764,61c462b34b1fcee6ebac0f20,2021/12/23 11:51:14:127,pumpen
0.04053,0.99609,-0.11084,61c462b44b1fcee6ebac0f21,2021/12/23 11:51:14:625,pumpen
0.03857,0.97656,-0.19312,61c462b44b1fcee6ebac0f22,2021/12/23 11:51:15:123,pumpen
0.08032,0.99072,-0.12061,61c462b54b1fcee6ebac0f23,2021/12/23 11:51:15:622,pumpen
0.04224,0.99463,-0.14844,61c462b54b1fcee6ebac0f24,2021/12/23 11:51:16:120,pumpen
0.02783,0.98706,-0.15430,61c462b64b1fcee6ebac0f25,2021/12/23 11:51:16:618,pumpen
0.04517,0.98828,-0.09937,61c462b64b1fcee6ebac0f26,2021/12/23 11:51:17:117,pumpen
0.03198,0.99829,-0.18457,61c462b74b1fcee6ebac0f27,2021/12/23 11:51:17:615,pumpen
0.02930,1.02271,-0.12744,61c462b84b1fcee6ebac0f28,2021/12/23 11:51:18:115,pumpen
0.01636,1.02075,-0.17773,61c462b84b1fcee6ebac0f29,2021/12/23 11:51:18:612,pumpen
0.00781,0.98071,-0.11475,61c462b84b1fcee6ebac0f2a,2021/12/23 11:51:19:110,pumpen
0.03540,0.96826,-0.05444,61c462b94b1fcee6ebac0f2b,2021/12/23 11:51:19:608,pumpen
0.03955,0.95068,-0.07910,61c462ba4b1fcee6ebac0f2c,2021/12/23 11:51:20:106,pumpen
0.09863,0.98560,-0.13599,61c462ba4b1fcee6ebac0f2d,2021/12/23 11:51:20:605,pumpen
0.02686,0.97827,-0.08936,61c462bb4b1fcee6ebac0f2e,2021/12/23 11:51:21:103,pumpen
0.01050,0.98657,-0.06201,61c462bb4b1fcee6ebac0f2f,2021/12/23 11:51:21:602,pumpen
-0.00342,0.97510,-0.11108,61c462bb4b1fcee6ebac0f30,2021/12/23 11:51:22:98,pumpen
-0.00342,1.00903,-0.14648,61c462bc4b1fcee6ebac0f31,2021/12/23 11:51:22:597,pumpen
0.01953,1.01196,-0.11938,61c462bd4b1fcee6ebac0f32,2021/12/23 11:51:23:95,pumpen
-0.01221,0.97510,-0.16357,61c462bd4b1fcee6ebac0f33,2021/12/23 11:51:23:592,pumpen
-0.02686,1.00049,-0.13257,61c462bd4b1fcee6ebac0f34,2021/12/23 11:51:24:90,pumpen
-0.00146,1.02368,-0.21753,61c462be4b1fcee6ebac0f35,2021/12/23 11:51:24:587,pumpen
-0.02881,1.01880,-0.16968,61c462be4b1fcee6ebac0f36,2021/12/23 11:51:25:85,pumpen
0.02344,1.02612,-0.10327,61c462bf4b1fcee6ebac0f37,2021/12/23 11:51:25:582,pumpen
0.01807,0.98657,-0.09229,61c462bf4b1fcee6ebac0f38,2021/12/23 11:51:26:80,pumpen
-0.00952,1.01050,-0.15796,61c462c04b1fcee6ebac0f39,2021/12/23 11:51:26:577,pumpen
0.01953,0.99292,-0.09985,61c462c14b1fcee6ebac0f3a,2021/12/23 11:51:27:74,pumpen
0.03296,0.99951,-0.09253,61c462c14b1fcee6ebac0f3b,2021/12/23 11:51:27:572,pumpen
0.00854,0.99048,-0.11792,61c462c24b1fcee6ebac0f3c,2021/12/23 11:51:28:69,pumpen
0.01416,0.98657,-0.08032,61c462c24b1fcee6ebac0f3d,2021/12/23 11:51:28:567,pumpen
0.01367,0.98730,-0.12793,61c462c24b1fcee6ebac0f3e,2021/12/23 11:51:29:63,pumpen
-0.00903,0.97949,-0.08667,61c462c34b1fcee6ebac0f3f,2021/12/23 11:51:29:562,pumpen
-0.01025,1.01611,-0.15381,61c462c34b1fcee6ebac0f40,2021/12/23 11:51:30:60,pumpen
0.02954,0.97729,-0.04932,61c462c44b1fcee6ebac0f41,2021/12/23 11:51:30:557,pumpen
-0.00342,0.99561,-0.14819,61c462c54b1fcee6ebac0f42,2021/12/23 11:51:31:55,pumpen
0.02759,1.01465,-0.09033,61c462c54b1fcee6ebac0f43,2021/12/23 11:51:31:552,pumpen
-0.00903,0.98779,-0.11792,61c462c54b1fcee6ebac0f44,2021/12/23 11:51:32:50,pumpen
0.04297,0.98120,-0.15112,61c462c64b1fcee6ebac0f45,2021/12/23 11:51:32:547,pumpen
0.01489,0.96338,-0.13574,61c462c64b1fcee6ebac0f46,2021/12/23 11:51:33:46,pumpen
0.08618,0.97437,-0.14551,61c462c74b1fcee6ebac0f47,2021/12/23 11:51:33:543,pumpen
0.07007,0.96021,-0.05884,61c462c84b1fcee6ebac0f48,2021/12/23 11:51:34:41,pumpen
0.10571,0.98535,-0.14038,61c462c84b1fcee6ebac0f49,2021/12/23 11:51:34:540,pumpen
0.02246,0.98193,-0.12646,61c462c94b1fcee6ebac0f4a,2021/12/23 11:51:35:38,pumpen
0.07666,0.96777,-0.12305,61c462c94b1fcee6ebac0f4b,2021/12/23 11:51:35:537,pumpen
0.03076,0.99121,-0.10449,61c462c94b1fcee6ebac0f4c,2021/12/23 11:51:36:35,pumpen
0.04785,1.01782,-0.12817,61c462ca4b1fcee6ebac0f4d,2021/12/23 11:51:36:532,pumpen
0.02490,1.00635,-0.16284,61c462ca4b1fcee6ebac0f4e,2021/12/23 11:51:37:30,pumpen
0.04077,1.04761,-0.15552,61c462cb4b1fcee6ebac0f4f,2021/12/23 11:51:37:527,pumpen
0.04395,0.99854,-0.14380,61c462cb4b1fcee6ebac0f50,2021/12/23 11:51:38:25,pumpen
0.03613,1.03198,-0.16504,61c462cc4b1fcee6ebac0f51,2021/12/23 11:51:38:523,pumpen
0.02124,1.01685,-0.14160,61c462cc4b1fcee6ebac0f52,2021/12/23 11:51:39:21,pumpen
0.06274,0.99756,-0.16602,61c462cd4b1fcee6ebac0f53,2021/12/23 11:51:39:520,pumpen
0.03760,1.00317,-0.13062,61c462ce4b1fcee6ebac0f54,2021/12/23 11:51:40:17,pumpen
0.04077,1.00757,-0.00635,61c462ce4b1fcee6ebac0f55,2021/12/23 11:51:40:515,pumpen
-0.00537,0.99658,-0.02197,61c462ce4b1fcee6ebac0f56,2021/12/23 11:51:41:13,pumpen
0.01099,0.99561,-0.17993,61c462cf4b1fcee6ebac0f57,2021/12/23 11:51:41:510,pumpen
-0.00854,1.01025,-0.05786,61c462cf4b1fcee6ebac0f58,2021/12/23 11:51:42:8,pumpen
0.00757,1.01514,-0.10547,61c462d04b1fcee6ebac0f59,2021/12/23 11:51:42:506,pumpen
0.04907,0.99097,-0.16797,61c462d04b1fcee6ebac0f5a,2021/12/23 11:51:43:3,pumpen
0.00854,0.99609,-0.09863,61c462d14b1fcee6ebac0f5b,2021/12/23 11:51:43:501,pumpen
0.03540,1.02002,-0.05347,61c462d14b1fcee6ebac0f5c,2021/12/23 11:51:44:0,pumpen
0.03687,1.02319,-0.05005,61c462d24b1fcee6ebac0f5d,2021/12/23 11:51:44:497,pumpen
0.01782,0.99854,-0.19531,61c462d24b1fcee6ebac0f5e,2021/12/23 11:51:44:995,pumpen
0.04883,1.02002,-0.20459,61c462d34b1fcee6ebac0f5f,2021/12/23 11:51:45:492,pumpen
-0.00391,0.97876,-0.12598,61c462d34b1fcee6ebac0f60,2021/12/23 11:51:45:990,pumpen
0.04443,1.00293,-0.20215,61c462d44b1fcee6ebac0f61,2021/12/23 11:51:46:487,pumpen
0.01123,0.95630,-0.08252,61c462d54b1fcee6ebac0f62,2021/12/23 11:51:46:985,pumpen
0.02393,0.98047,-0.13843,61c462d54b1fcee6ebac0f63,2021/12/23 11:51:47:483,pumpen
0.01318,1.00537,-0.13159,61c462d54b1fcee6ebac0f64,2021/12/23 11:51:47:981,pumpen
0.07666,0.98950,-0.14551,61c462d64b1fcee6ebac0f65,2021/12/23 11:51:48:478,pumpen
0.02686,0.96777,-0.06006,61c462d74b1fcee6ebac0f66,2021/12/23 11:51:48:976,pumpen
0.01050,1.00415,-0.19971,61c462d74b1fcee6ebac0f67,2021/12/23 11:51:49:473,pumpen
-0.00220,0.98486,-0.03979,61c462e5c9cacbe5080e7e2d,2021/12/23 11:52:5:361,schleudern
0.00024,0.97339,-0.09839,61c462e6c9cacbe5080e7e2e,2021/12/23 11:52:5:861,schleudern
0.00098,0.98413,-0.17261,61c462e6c9cacbe5080e7e2f,2021/12/23 11:52:6:361,schleudern
0.02051,0.98486,-0.14697,61c462e7c9cacbe5080e7e30,2021/12/23 11:52:6:861,schleudern
0.04028,1.02051,-0.20020,61c462e7c9cacbe5080e7e31,2021/12/23 11:52:7:361,schleudern
0.05811,1.00195,-0.12769,61c462e8c9cacbe5080e7e32,2021/12/23 11:52:7:862,schleudern
-0.02026,0.99292,-0.04419,61c462e8c9cacbe5080e7e33,2021/12/23 11:52:8:361,schleudern
0.01001,0.97607,-0.29419,61c462e9c9cacbe5080e7e34,2021/12/23 11:52:8:861,schleudern
0.06348,1.03760,-0.11426,61c462e9c9cacbe5080e7e35,2021/12/23 11:52:9:362,schleudern
0.01807,0.98340,-0.16577,61c462eac9cacbe5080e7e36,2021/12/23 11:52:9:862,schleudern
0.02271,0.98950,-0.10303,61c462eac9cacbe5080e7e37,2021/12/23 11:52:10:362,schleudern
0.02466,1.01807,-0.07764,61c462ebc9cacbe5080e7e38,2021/12/23 11:52:10:862,schleudern
0.05420,0.99365,-0.14673,61c462ebc9cacbe5080e7e39,2021/12/23 11:52:11:362,schleudern
0.02856,0.99561,-0.06641,61c462ecc9cacbe5080e7e3a,2021/12/23 11:52:11:862,schleudern
0.08374,1.01660,-0.07422,61c462ecc9cacbe5080e7e3b,2021/12/23 11:52:12:362,schleudern
0.05127,1.00806,-0.04565,61c462edc9cacbe5080e7e3c,2021/12/23 11:52:12:861,schleudern
0.07153,0.99292,-0.11084,61c462edc9cacbe5080e7e3d,2021/12/23 11:52:13:360,schleudern
0.06372,0.97900,-0.10352,61c462eec9cacbe5080e7e3e,2021/12/23 11:52:13:860,schleudern
0.06714,0.98193,-0.16626,61c462eec9cacbe5080e7e3f,2021/12/23 11:52:14:360,schleudern
0.05762,0.99170,-0.17676,61c462efc9cacbe5080e7e40,2021/12/23 11:52:14:860,schleudern
0.05444,1.01465,-0.16504,61c462f0c9cacbe5080e7e41,2021/12/23 11:52:15:358,schleudern
0.05298,1.01563,-0.12891,61c462f0c9cacbe5080e7e42,2021/12/23 11:52:15:857,schleudern
0.00073,0.97729,-0.07300,61c462f0c9cacbe5080e7e43,2021/12/23 11:52:16:357,schleudern
0.08838,0.98535,-0.08862,61c462f1c9cacbe5080e7e44,2021/12/23 11:52:16:856,schleudern
0.07739,0.99121,-0.14038,61c462f1c9cacbe5080e7e45,2021/12/23 11:52:17:356,schleudern
0.10400,0.99805,-0.13110,61c462f2c9cacbe5080e7e46,2021/12/23 11:52:17:855,schleudern
0.06421,1.00000,-0.15576,61c462f2c9cacbe5080e7e47,2021/12/23 11:52:18:355,schleudern
0.08521,0.97559,-0.10669,61c462f3c9cacbe5080e7e48,2021/12/23 11:52:18:855,schleudern
0.06689,1.02100,-0.05786,61c462f3c9cacbe5080e7e49,2021/12/23 11:52:19:355,schleudern
0.05518,0.99463,-0.22559,61c462f4c9cacbe5080e7e4a,2021/12/23 11:52:19:853,schleudern
0.05469,1.01489,-0.09888,61c462f4c9cacbe5080e7e4b,2021/12/23 11:52:20:353,schleudern
0.08057,0.99585,-0.13086,61c462f5c9cacbe5080e7e4c,2021/12/23 11:52:20:852,schleudern
0.06934,1.00537,-0.10742,61c462f5c9cacbe5080e7e4d,2021/12/23 11:52:21:352,schleudern
0.11768,0.98486,-0.13696,61c462f6c9cacbe5080e7e4e,2021/12/23 11:52:21:852,schleudern
0.05640,1.01074,-0.12378,61c462f6c9cacbe5080e7e4f,2021/12/23 11:52:22:351,schleudern
0.03467,1.02759,-0.20435,61c462f7c9cacbe5080e7e50,2021/12/23 11:52:22:851,schleudern
-0.00977,1.00098,-0.17383,61c462f7c9cacbe5080e7e51,2021/12/23 11:52:23:350,schleudern
0.07104,1.03320,-0.10913,61c462f8c9cacbe5080e7e52,2021/12/23 11:52:23:850,schleudern
0.07739,0.98462,-0.11426,61c462f8c9cacbe5080e7e53,2021/12/23 11:52:24:350,schleudern
0.09668,1.00317,-0.12817,61c462f9c9cacbe5080e7e54,2021/12/23 11:52:24:850,schleudern
0.04199,0.98730,-0.02808,61c462f9c9cacbe5080e7e55,2021/12/23 11:52:25:350,schleudern
0.06885,0.99023,-0.15649,61c462fac9cacbe5080e7e56,2021/12/23 11:52:25:850,schleudern
0.05713,1.00464,-0.08765,61c462fac9cacbe5080e7e57,2021/12/23 11:52:26:350,schleudern
0.02441,0.99023,-0.13794,61c462fbc9cacbe5080e7e58,2021/12/23 11:52:26:848,schleudern
0.07983,0.99390,-0.01050,61c462fbc9cacbe5080e7e59,2021/12/23 11:52:27:347,schleudern
0.09375,1.01318,-0.16797,61c462fcc9cacbe5080e7e5a,2021/12/23 11:52:27:847,schleudern
0.02905,1.00146,-0.10693,61c462fcc9cacbe5080e7e5b,2021/12/23 11:52:28:346,schleudern
0.05078,0.99561,-0.14014,61c462fdc9cacbe5080e7e5c,2021/12/23 11:52:28:846,schleudern
0.02856,1.00146,-0.07690,61c462fdc9cacbe5080e7e5d,2021/12/23 11:52:29:345,schleudern
0.07935,0.99536,-0.05225,61c462fec9cacbe5080e7e5e,2021/12/23 11:52:29:845,schleudern
0.07666,1.00732,-0.09155,61c462fec9cacbe5080e7e5f,2021/12/23 11:52:30:345,schleudern
0.04980,0.98608,-0.08154,61c462ffc9cacbe5080e7e60,2021/12/23 11:52:30:843,schleudern
-0.00732,0.98828,-0.06812,61c462ffc9cacbe5080e7e61,2021/12/23 11:52:31:343,schleudern
0.03052,0.99194,-0.07910,61c46300c9cacbe5080e7e62,2021/12/23 11:52:31:842,schleudern
-0.00488,0.99414,-0.14258,61c46300c9cacbe5080e7e63,2021/12/23 11:52:32:342,schleudern
0.00659,0.99854,-0.14844,61c46301c9cacbe5080e7e64,2021/12/23 11:52:32:841,schleudern
0.02441,0.97778,-0.09351,61c46301c9cacbe5080e7e65,2021/12/23 11:52:33:341,schleudern
0.03394,1.02954,-0.16577,61c46302c9cacbe5080e7e66,2021/12/23 11:52:33:840,schleudern
0.00269,0.99512,-0.06689,61c46302c9cacbe5080e7e67,2021/12/23 11:52:34:340,schleudern
0.08130,1.02100,-0.13062,61c46303c9cacbe5080e7e68,2021/12/23 11:52:34:840,schleudern
0.03955,1.00830,-0.13257,61c46303c9cacbe5080e7e69,2021/12/23 11:52:35:340,schleudern
0.09155,0.99927,-0.05957,61c46304c9cacbe5080e7e6a,2021/12/23 11:52:35:840,schleudern
0.06372,1.01123,-0.11206,61c46304c9cacbe5080e7e6b,2021/12/23 11:52:36:338,schleudern
0.05420,0.96851,-0.03662,61c46305c9cacbe5080e7e6c,2021/12/23 11:52:36:838,schleudern
-0.01294,0.97729,-0.22998,61c46305c9cacbe5080e7e6d,2021/12/23 11:52:37:337,schleudern
0.06226,1.02612,-0.12280,61c46306c9cacbe5080e7e6e,2021/12/23 11:52:37:837,schleudern
0.01636,0.98486,-0.05029,61c46306c9cacbe5080e7e6f,2021/12/23 11:52:38:337,schleudern
0.03345,0.98267,-0.05933,61c46307c9cacbe5080e7e70,2021/12/23 11:52:38:837,schleudern
0.02856,1.00049,-0.15283,61c46307c9cacbe5080e7e71,2021/12/23 11:52:39:336,schleudern
0.02441,0.97876,-0.04639,61c46308c9cacbe5080e7e72,2021/12/23 11:52:39:836,schleudern
-0.02002,0.96606,-0.11597,61c46308c9cacbe5080e7e73,2021/12/23 11:52:40:336,schleudern
0.02856,1.00854,-0.07861,61c46309c9cacbe5080e7e74,2021/12/23 11:52:40:836,schleudern
-0.02197,0.99487,-0.04395,61c46309c9cacbe5080e7e75,2021/12/23 11:52:41:336,schleudern
0.05591,1.01709,-0.13354,61c4630ac9cacbe5080e7e76,2021/12/23 11:52:41:835,schleudern
-0.02295,0.99585,-0.06689,61c4630ac9cacbe5080e7e77,2021/12/23 11:52:42:335,schleudern
0.02905,0.99658,-0.11743,61c4630bc9cacbe5080e7e78,2021/12/23 11:52:42:835,schleudern
0.02808,1.01904,-0.02563,61c4630bc9cacbe5080e7e79,2021/12/23 11:52:43:335,schleudern
0.03711,1.01660,-0.10034,61c4630cc9cacbe5080e7e7a,2021/12/23 11:52:43:835,schleudern
0.00464,1.04932,-0.10449,61c4630cc9cacbe5080e7e7b,2021/12/23 11:52:44:335,schleudern
0.02539,0.99878,-0.20239,61c4630dc9cacbe5080e7e7c,2021/12/23 11:52:44:833,schleudern
0.00464,0.99170,-0.13403,61c4630dc9cacbe5080e7e7d,2021/12/23 11:52:45:333,schleudern
0.09546,1.00537,-0.08545,61c4630ec9cacbe5080e7e7e,2021/12/23 11:52:45:833,schleudern
0.00317,1.00635,-0.22144,61c4630ec9cacbe5080e7e7f,2021/12/23 11:52:46:332,schleudern
0.05151,0.97388,-0.18433,61c4630fc9cacbe5080e7e80,2021/12/23 11:52:46:832,schleudern
0.05176,0.94678,-0.14453,61c4630fc9cacbe5080e7e81,2021/12/23 11:52:47:332,schleudern
0.06519,0.99170,-0.10425,61c46310c9cacbe5080e7e82,2021/12/23 11:52:47:832,schleudern
-0.02954,0.98926,-0.03931,61c46310c9cacbe5080e7e83,2021/12/23 11:52:48:332,schleudern
0.04321,0.99756,-0.07471,61c46311c9cacbe5080e7e84,2021/12/23 11:52:48:832,schleudern
0.01904,1.01025,-0.14160,61c46311c9cacbe5080e7e85,2021/12/23 11:52:49:331,schleudern
0.08936,1.00513,-0.15210,61c46312c9cacbe5080e7e86,2021/12/23 11:52:49:831,schleudern
0.12646,0.99146,-0.14429,61c46312c9cacbe5080e7e87,2021/12/23 11:52:50:331,schleudern
0.05542,0.97412,-0.19458,61c46313c9cacbe5080e7e88,2021/12/23 11:52:50:831,schleudern
0.09644,0.95654,-0.11230,61c46313c9cacbe5080e7e89,2021/12/23 11:52:51:331,schleudern
0.07153,1.00293,-0.07495,61c46314c9cacbe5080e7e8a,2021/12/23 11:52:51:831,schleudern
0.06396,1.00244,-0.10889,61c46314c9cacbe5080e7e8b,2021/12/23 11:52:52:331,schleudern
0.04492,0.98950,-0.21533,61c46315c9cacbe5080e7e8c,2021/12/23 11:52:52:831,schleudern
0.08032,1.03613,-0.08862,61c46315c9cacbe5080e7e8d,2021/12/23 11:52:53:330,schleudern
0.01733,1.03149,-0.11841,61c46316c9cacbe5080e7e8e,2021/12/23 11:52:53:830,schleudern
0.05884,1.01294,-0.16797,61c46316c9cacbe5080e7e8f,2021/12/23 11:52:54:330,schleudern
0.05396,0.97852,-0.19263,61c46317c9cacbe5080e7e90,2021/12/23 11:52:54:830,schleudern
0.03711,1.02344,-0.11230,61c46317c9cacbe5080e7e91,2021/12/23 11:52:55:330,schleudern
0.02295,1.00293,-0.13184,61c46318c9cacbe5080e7e92,2021/12/23 11:52:55:830,schleudern
0.00586,1.02173,-0.20337,61c46318c9cacbe5080e7e93,2021/12/23 11:52:56:328,schleudern
0.06567,1.02393,-0.09302,61c46319c9cacbe5080e7e94,2021/12/23 11:52:56:828,schleudern
0.05298,0.99854,-0.03979,61c46319c9cacbe5080e7e95,2021/12/23 11:52:57:327,schleudern
0.04565,1.00220,-0.13770,61c4631ac9cacbe5080e7e96,2021/12/23 11:52:57:827,schleudern
-0.01929,1.02124,-0.15552,61c4631ac9cacbe5080e7e97,2021/12/23 11:52:58:326,schleudern
-0.01099,1.08154,-0.13354,61c4631bc9cacbe5080e7e98,2021/12/23 11:52:58:826,schleudern
0.05811,1.02832,-0.06714,61c4631bc9cacbe5080e7e99,2021/12/23 11:52:59:325,schleudern
0.00171,1.04907,-0.10791,61c4631cc9cacbe5080e7e9a,2021/12/23 11:52:59:825,schleudern
0.07056,1.02954,-0.07129,61c4631cc9cacbe5080e7e9b,2021/12/23 11:53:0:325,schleudern
0.03247,0.97241,-0.12305,61c4631dc9cacbe5080e7e9c,2021/12/23 11:53:0:825,schleudern
0.05640,0.97900,-0.18384,61c4631dc9cacbe5080e7e9d,2021/12/23 11:53:1:325,schleudern
0.07153,1.00293,-0.17920,61c4631ec9cacbe5080e7e9e,2021/12/23 11:53:1:825,schleudern
0.08447,0.95776,-0.12598,61c4631ec9cacbe5080e7e9f,2021/12/23 11:53:2:325,schleudern
0.03296,0.96167,-0.14551,61c4631fc9cacbe5080e7ea0,2021/12/23 11:53:2:825,schleudern
-0.01025,0.95776,-0.03857,61c4631fc9cacbe5080e7ea1,2021/12/23 11:53:3:325,schleudern
0.05054,0.98413,-0.14258,61c46320c9cacbe5080e7ea2,2021/12/23 11:53:3:825,schleudern
0.03174,0.97144,-0.09692,61c46320c9cacbe5080e7ea3,2021/12/23 11:53:4:323,schleudern
0.02612,1.03076,-0.18726,61c46321c9cacbe5080e7ea4,2021/12/23 11:53:4:823,schleudern
0.05371,1.02026,-0.04517,61c46321c9cacbe5080e7ea5,2021/12/23 11:53:5:323,schleudern
-0.03052,1.01636,0.02563,61c46322c9cacbe5080e7ea6,2021/12/23 11:53:5:823,schleudern
0.02588,0.98682,-0.21509,61c46322c9cacbe5080e7ea7,2021/12/23 11:53:6:322,schleudern
0.03223,0.94067,-0.23975,61c46323c9cacbe5080e7ea8,2021/12/23 11:53:6:822,schleudern
-0.01367,1.07764,-0.20361,61c46323c9cacbe5080e7ea9,2021/12/23 11:53:7:322,schleudern
0.04614,0.95068,-0.06030,61c46324c9cacbe5080e7eaa,2021/12/23 11:53:7:822,schleudern
0.07080,0.96704,-0.33057,61c46324c9cacbe5080e7eab,2021/12/23 11:53:8:322,schleudern
0.05835,1.02271,-0.21436,61c46325c9cacbe5080e7eac,2021/12/23 11:53:8:822,schleudern
-0.01831,0.99634,-0.34937,61c46325c9cacbe5080e7ead,2021/12/23 11:53:9:322,schleudern
0.03735,1.04492,0.01514,61c46326c9cacbe5080e7eae,2021/12/23 11:53:9:822,schleudern
0.08594,1.01587,-0.36108,61c46326c9cacbe5080e7eaf,2021/12/23 11:53:10:322,schleudern
0.02295,1.01050,-0.04004,61c46327c9cacbe5080e7eb0,2021/12/23 11:53:10:822,schleudern
0.09058,0.98779,-0.07568,61c46327c9cacbe5080e7eb1,2021/12/23 11:53:11:322,schleudern
0.08057,0.95264,-0.16138,61c46328c9cacbe5080e7eb2,2021/12/23 11:53:11:821,schleudern
0.10986,0.96851,-0.02686,61c46328c9cacbe5080e7eb3,2021/12/23 11:53:12:321,schleudern
-0.05688,0.97681,-0.20947,61c46329c9cacbe5080e7eb4,2021/12/23 11:53:12:821,schleudern
0.04688,0.96387,-0.28931,61c46329c9cacbe5080e7eb5,2021/12/23 11:53:13:321,schleudern
0.11377,0.95679,-0.14771,61c4632ac9cacbe5080e7eb6,2021/12/23 11:53:13:821,schleudern
0.06738,0.96436,-0.36548,61c4632ac9cacbe5080e7eb7,2021/12/23 11:53:14:321,schleudern
0.20776,0.87988,0.00366,61c4632bc9cacbe5080e7eb8,2021/12/23 11:53:14:821,schleudern
-0.09106,1.01563,-0.31519,61c4632bc9cacbe5080e7eb9,2021/12/23 11:53:15:320,schleudern
0.04150,0.99878,-0.04639,61c4632cc9cacbe5080e7eba,2021/12/23 11:53:15:820,schleudern
0.04980,1.07129,0.00610,61c4632cc9cacbe5080e7ebb,2021/12/23 11:53:16:320,schleudern
0.05542,0.99170,-0.19238,61c4632dc9cacbe5080e7ebc,2021/12/23 11:53:16:820,schleudern
-0.00928,0.98853,-0.34351,61c4632dc9cacbe5080e7ebd,2021/12/23 11:53:17:320,schleudern
0.01782,0.95337,-0.06836,61c4632ec9cacbe5080e7ebe,2021/12/23 11:53:17:820,schleudern
-0.00098,1.04712,-0.18091,61c4632ec9cacbe5080e7ebf,2021/12/23 11:53:18:320,schleudern
0.03516,0.99805,0.05273,61c4632fc9cacbe5080e7ec0,2021/12/23 11:53:18:818,schleudern
0.08325,1.00586,-0.28589,61c4632fc9cacbe5080e7ec1,2021/12/23 11:53:19:318,schleudern
0.06226,1.01953,-0.17114,61c46330c9cacbe5080e7ec2,2021/12/23 11:53:19:818,schleudern
-0.08154,0.96460,-0.32422,61c46330c9cacbe5080e7ec3,2021/12/23 11:53:20:318,schleudern
-0.01416,0.98242,0.08789,61c46331c9cacbe5080e7ec4,2021/12/23 11:53:20:818,schleudern
0.08423,1.06372,-0.18408,61c46331c9cacbe5080e7ec5,2021/12/23 11:53:21:318,schleudern
0.01001,0.98438,-0.17017,61c46332c9cacbe5080e7ec6,2021/12/23 11:53:21:818,schleudern
-0.01392,1.00513,-0.16138,61c46333c9cacbe5080e7ec7,2021/12/23 11:53:22:318,schleudern
0.12183,0.96582,-0.22705,61c46333c9cacbe5080e7ec8,2021/12/23 11:53:22:817,schleudern
-0.02759,0.96484,-0.24634,61c46333c9cacbe5080e7ec9,2021/12/23 11:53:23:317,schleudern
-0.00732,0.97461,-0.26685,61c46334c9cacbe5080e7eca,2021/12/23 11:53:23:817,schleudern
0.05835,1.04712,-0.01538,61c46334c9cacbe5080e7ecb,2021/12/23 11:53:24:317,schleudern
-0.06543,1.02441,-0.14673,61c46335c9cacbe5080e7ecc,2021/12/23 11:53:24:817,schleudern
0.07373,0.92310,0.00171,61c46335c9cacbe5080e7ecd,2021/12/23 11:53:25:317,schleudern
0.04346,0.99316,0.08521,61c46336c9cacbe5080e7ece,2021/12/23 11:53:25:817,schleudern
-0.05688,0.97363,-0.02051,61c46336c9cacbe5080e7ecf,2021/12/23 11:53:26:317,schleudern
-0.00732,1.00854,0.05127,61c46337c9cacbe5080e7ed0,2021/12/23 11:53:26:817,schleudern
0.06934,1.02612,-0.16748,61c46337c9cacbe5080e7ed1,2021/12/23 11:53:27:317,schleudern
-0.03467,1.04980,-0.10767,61c46338c9cacbe5080e7ed2,2021/12/23 11:53:27:817,schleudern
-0.03833,0.92725,-0.20874,61c46338c9cacbe5080e7ed3,2021/12/23 11:53:28:317,schleudern
0.02271,0.97363,0.05591,61c46339c9cacbe5080e7ed4,2021/12/23 11:53:28:817,schleudern
-0.05762,1.01904,-0.14209,61c46339c9cacbe5080e7ed5,2021/12/23 11:53:29:317,schleudern
0.00073,0.95264,-0.11426,61c4633ac9cacbe5080e7ed6,2021/12/23 11:53:29:817,schleudern
0.01489,0.93774,0.01367,61c4633ac9cacbe5080e7ed7,2021/12/23 11:53:30:317,schleudern
-0.01807,1.02393,-0.09473,61c4633bc9cacbe5080e7ed8,2021/12/23 11:53:30:817,schleudern
-0.01978,0.96704,-0.05615,61c4633bc9cacbe5080e7ed9,2021/12/23 11:53:31:317,schleudern
0.07007,0.87598,0.03760,61c4633cc9cacbe5080e7eda,2021/12/23 11:53:31:817,schleudern
-0.11719,1.09473,-0.07764,61c4633cc9cacbe5080e7edb,2021/12/23 11:53:32:317,schleudern
0.06909,0.88672,-0.13232,61c4633dc9cacbe5080e7edc,2021/12/23 11:53:32:816,schleudern
0.12842,0.97241,-0.09912,61c4633dc9cacbe5080e7edd,2021/12/23 11:53:33:316,schleudern
-0.01123,1.04541,-0.21851,61c4633ec9cacbe5080e7ede,2021/12/23 11:53:33:816,schleudern
0.00903,0.96826,-0.11377,61c4633ec9cacbe5080e7edf,2021/12/23 11:53:34:316,schleudern
0.18115,1.02026,-0.26831,61c4633fc9cacbe5080e7ee0,2021/12/23 11:53:34:816,schleudern
0.05420,1.04834,-0.23682,61c4633fc9cacbe5080e7ee1,2021/12/23 11:53:35:316,schleudern
0.12329,0.98120,-0.17627,61c46340c9cacbe5080e7ee2,2021/12/23 11:53:35:816,schleudern
0.05029,0.97192,-0.01953,61c46340c9cacbe5080e7ee3,2021/12/23 11:53:36:316,schleudern
0.07813,1.02710,-0.25854,61c46341c9cacbe5080e7ee4,2021/12/23 11:53:36:816,schleudern
0.10791,0.95874,0.06616,61c46341c9cacbe5080e7ee5,2021/12/23 11:53:37:316,schleudern
0.09888,0.93579,-0.16016,61c46342c9cacbe5080e7ee6,2021/12/23 11:53:37:816,schleudern
0.04468,0.99438,-0.04517,61c46342c9cacbe5080e7ee7,2021/12/23 11:53:38:316,schleudern
-0.05176,0.97876,-0.13989,61c46343c9cacbe5080e7ee8,2021/12/23 11:53:38:816,schleudern
0.09961,0.97070,-0.01855,61c46344c9cacbe5080e7ee9,2021/12/23 11:53:39:316,schleudern
-0.10693,1.04199,-0.06055,61c46344c9cacbe5080e7eea,2021/12/23 11:53:39:816,schleudern
0.10815,0.96167,-0.18872,61c46344c9cacbe5080e7eeb,2021/12/23 11:53:40:316,schleudern
0.03076,0.97168,-0.00146,61c46345c9cacbe5080e7eec,2021/12/23 11:53:40:815,schleudern
0.04004,1.07153,-0.09351,61c46345c9cacbe5080e7eed,2021/12/23 11:53:41:316,schleudern
0.03418,1.00977,-0.31689,61c46346c9cacbe5080e7eee,2021/12/23 11:53:41:815,schleudern
0.15063,1.00928,-0.23901,61c46346c9cacbe5080e7eef,2021/12/23 11:53:42:315,schleudern
0.04810,1.03149,-0.29932,61c46347c9cacbe5080e7ef0,2021/12/23 11:53:42:815,schleudern
0.10669,0.97339,-0.06860,61c46347c9cacbe5080e7ef1,2021/12/23 11:53:43:313,schleudern
0.04663,1.03589,-0.05420,61c46348c9cacbe5080e7ef2,2021/12/23 11:53:43:813,schleudern
0.02515,1.01953,-0.33252,61c46348c9cacbe5080e7ef3,2021/12/23 11:53:44:313,schleudern
-0.02734,0.98853,-0.22949,61c46349c9cacbe5080e7ef4,2021/12/23 11:53:44:812,schleudern
0.04663,1.05591,0.10522,61c46349c9cacbe5080e7ef5,2021/12/23 11:53:45:312,schleudern
-0.04468,1.00439,-0.26685,61c4634ac9cacbe5080e7ef6,2021/12/23 11:53:45:812,schleudern
0.05493,0.99097,-0.00244,61c4634ac9cacbe5080e7ef7,2021/12/23 11:53:46:313,schleudern
0.03003,1.02954,0.04565,61c4634bc9cacbe5080e7ef8,2021/12/23 11:53:46:812,schleudern
0.01563,0.99902,-0.25830,61c4634bc9cacbe5080e7ef9,2021/12/23 11:53:47:312,schleudern
0.06372,1.02319,-0.11621,61c4634cc9cacbe5080e7efa,2021/12/23 11:53:47:812,schleudern
0.09180,1.02856,-0.10400,61c4634cc9cacbe5080e7efb,2021/12/23 11:53:48:312,schleudern
0.01782,1.03491,-0.13892,61c4634dc9cacbe5080e7efc,2021/12/23 11:53:48:812,schleudern
-0.04834,1.01050,-0.11426,61c4634dc9cacbe5080e7efd,2021/12/23 11:53:49:312,schleudern
-0.03442,1.04272,-0.05615,61c4634ec9cacbe5080e7efe,2021/12/23 11:53:49:813,schleudern
-0.05811,1.04102,-0.23047,61c4634ec9cacbe5080e7eff,2021/12/23 11:53:50:313,schleudern
0.13159,1.00366,-0.15308,61c4634fc9cacbe5080e7f00,2021/12/23 11:53:50:815,schleudern
0.01416,1.00635,-0.05176,61c4634fc9cacbe5080e7f01,2021/12/23 11:53:51:315,schleudern
-0.07935,1.00073,-0.30884,61c46350c9cacbe5080e7f02,2021/12/23 11:53:51:815,schleudern
-0.03076,1.01538,-0.05688,61c46350c9cacbe5080e7f03,2021/12/23 11:53:52:315,schleudern
0.00513,1.03467,-0.09741,61c46351c9cacbe5080e7f04,2021/12/23 11:53:52:815,schleudern
-0.01343,1.04907,-0.11035,61c46351c9cacbe5080e7f05,2021/12/23 11:53:53:315,schleudern
0.03516,1.00073,-0.25073,61c46352c9cacbe5080e7f06,2021/12/23 11:53:53:815,schleudern
0.02881,1.02124,-0.01758,61c46352c9cacbe5080e7f07,2021/12/23 11:53:54:315,schleudern
-0.06372,0.96460,-0.22729,61c46353c9cacbe5080e7f08,2021/12/23 11:53:54:815,schleudern
-0.03516,0.96973,-0.18140,61c46354c9cacbe5080e7f09,2021/12/23 11:53:55:316,schleudern
-0.00684,0.96851,-0.06006,61c46354c9cacbe5080e7f0a,2021/12/23 11:53:55:815,schleudern
-0.04517,1.04834,-0.12744,61c46354c9cacbe5080e7f0b,2021/12/23 11:53:56:316,schleudern
0.08350,0.98804,-0.11011,61c46355c9cacbe5080e7f0c,2021/12/23 11:53:56:815,schleudern
0.03857,0.99146,-0.08081,61c46355c9cacbe5080e7f0d,2021/12/23 11:53:57:316,schleudern
-0.02197,1.12158,-0.28442,61c46356c9cacbe5080e7f0e,2021/12/23 11:53:57:815,schleudern
0.01245,0.86987,-0.00635,61c46356c9cacbe5080e7f0f,2021/12/23 11:53:58:316,schleudern
0.12378,1.05176,-0.18311,61c46357c9cacbe5080e7f10,2021/12/23 11:53:58:816,schleudern
-0.02905,1.00269,-0.25317,61c46357c9cacbe5080e7f11,2021/12/23 11:53:59:316,schleudern
0.00098,0.94336,-0.11597,61c46358c9cacbe5080e7f12,2021/12/23 11:53:59:816,schleudern
-0.00659,1.07422,-0.29614,61c46358c9cacbe5080e7f13,2021/12/23 11:54:0:316,schleudern
-0.09473,0.95605,-0.04614,61c46359c9cacbe5080e7f14,2021/12/23 11:54:0:817,schleudern
0.05542,0.98877,-0.09302,61c46359c9cacbe5080e7f15,2021/12/23 11:54:1:317,schleudern
0.06665,0.96313,-0.07935,61c4635ac9cacbe5080e7f16,2021/12/23 11:54:1:817,schleudern
-0.05469,1.05859,0.02954,61c4635ac9cacbe5080e7f17,2021/12/23 11:54:2:317,schleudern
0.05640,0.93530,-0.01465,61c4635bc9cacbe5080e7f18,2021/12/23 11:54:2:817,schleudern
0.05493,0.97217,-0.14209,61c4635bc9cacbe5080e7f19,2021/12/23 11:54:3:318,schleudern
-0.08228,0.97510,-0.06079,61c4635cc9cacbe5080e7f1a,2021/12/23 11:54:3:818,schleudern
0.16284,0.94458,-0.11499,61c4635cc9cacbe5080e7f1b,2021/12/23 11:54:4:318,schleudern
0.01978,0.98120,-0.34521,61c4635dc9cacbe5080e7f1c,2021/12/23 11:54:4:818,schleudern
0.01245,0.98193,-0.16602,61c4635dc9cacbe5080e7f1d,2021/12/23 11:54:5:318,schleudern
0.04736,0.97705,-0.08667,61c4635ec9cacbe5080e7f1e,2021/12/23 11:54:5:818,schleudern
0.06519,0.99414,-0.17578,61c4635ec9cacbe5080e7f1f,2021/12/23 11:54:6:318,schleudern
0.02295,1.01831,0.04517,61c4635fc9cacbe5080e7f20,2021/12/23 11:54:6:820,schleudern
0.07788,1.01758,-0.09229,61c4635fc9cacbe5080e7f21,2021/12/23 11:54:7:320,schleudern
0.02441,1.03857,-0.24951,61c46360c9cacbe5080e7f22,2021/12/23 11:54:7:820,schleudern
0.03613,0.98657,-0.09155,61c46360c9cacbe5080e7f23,2021/12/23 11:54:8:320,schleudern
0.03345,0.98291,-0.11938,61c46361c9cacbe5080e7f24,2021/12/23 11:54:8:820,schleudern
0.01001,1.02637,-0.10986,61c46361c9cacbe5080e7f25,2021/12/23 11:54:9:320,schleudern
0.08154,0.98340,-0.08813,61c46362c9cacbe5080e7f26,2021/12/23 11:54:9:820,schleudern
0.05884,1.01807,-0.16113,61c46362c9cacbe5080e7f27,2021/12/23 11:54:10:321,schleudern
0.05225,0.99316,-0.18359,61c46363c9cacbe5080e7f28,2021/12/23 11:54:10:821,schleudern
0.03442,1.01807,-0.11255,61c46363c9cacbe5080e7f29,2021/12/23 11:54:11:321,schleudern
0.03711,0.99878,-0.12329,61c46364c9cacbe5080e7f2a,2021/12/23 11:54:11:821,schleudern
0.06030,0.98560,-0.13403,61c46364c9cacbe5080e7f2b,2021/12/23 11:54:12:320,schleudern
0.07056,0.98682,-0.10938,61c46365c9cacbe5080e7f2c,2021/12/23 11:54:12:820,schleudern
0.05347,1.00195,-0.11011,61c46365c9cacbe5080e7f2d,2021/12/23 11:54:13:320,schleudern
0.04688,1.00757,-0.10718,61c46366c9cacbe5080e7f2e,2021/12/23 11:54:13:821,schleudern
0.01611,0.99048,-0.09302,61c46366c9cacbe5080e7f2f,2021/12/23 11:54:14:321,schleudern
0.04126,0.97363,-0.10132,61c46367c9cacbe5080e7f30,2021/12/23 11:54:14:821,schleudern
0.02930,0.99292,-0.12305,61c46367c9cacbe5080e7f31,2021/12/23 11:54:15:321,schleudern
0.04199,1.01123,-0.12354,61c46368c9cacbe5080e7f32,2021/12/23 11:54:15:821,schleudern
0.00635,0.98389,-0.18481,61c46368c9cacbe5080e7f33,2021/12/23 11:54:16:322,schleudern
0.04712,1.01782,-0.17993,61c46369c9cacbe5080e7f34,2021/12/23 11:54:16:822,schleudern
0.00879,1.00195,-0.11304,61c4636ac9cacbe5080e7f35,2021/12/23 11:54:17:323,schleudern
0.05078,1.00366,-0.13452,61c4636ac9cacbe5080e7f36,2021/12/23 11:54:17:823,schleudern
0.03735,0.99536,-0.11987,61c4636ac9cacbe5080e7f37,2021/12/23 11:54:18:325,schleudern
0.06421,0.98877,-0.10938,61c4636bc9cacbe5080e7f38,2021/12/23 11:54:18:825,schleudern
0.03394,0.99316,-0.12061,61c4636bc9cacbe5080e7f39,2021/12/23 11:54:19:325,schleudern
0.04102,1.00317,-0.09985,61c4636cc9cacbe5080e7f3a,2021/12/23 11:54:19:826,schleudern
0.03979,0.99268,-0.12378,61c4636cc9cacbe5080e7f3b,2021/12/23 11:54:20:326,schleudern
0.03247,1.00366,-0.13379,61c4636dc9cacbe5080e7f3c,2021/12/23 11:54:20:827,schleudern
0.03271,1.00049,-0.14209,61c4636dc9cacbe5080e7f3d,2021/12/23 11:54:21:328,schleudern
0.03418,0.99341,-0.12354,61c4636ec9cacbe5080e7f3e,2021/12/23 11:54:21:828,schleudern
0.04395,1.00317,-0.15332,61c4636ec9cacbe5080e7f3f,2021/12/23 11:54:22:328,schleudern
0.04761,0.99854,-0.12207,61c4636fc9cacbe5080e7f40,2021/12/23 11:54:22:830,schleudern
0.03564,0.99536,-0.13745,61c4636fc9cacbe5080e7f41,2021/12/23 11:54:23:330,schleudern
0.03174,1.00024,-0.09546,61c46370c9cacbe5080e7f42,2021/12/23 11:54:23:830,schleudern
0.05640,0.99634,-0.11133,61c46370c9cacbe5080e7f43,2021/12/23 11:54:24:330,schleudern
0.03149,0.99731,-0.09326,61c46371c9cacbe5080e7f44,2021/12/23 11:54:24:831,schleudern
0.03271,0.99658,-0.12231,61c46371c9cacbe5080e7f45,2021/12/23 11:54:25:331,schleudern
0.04810,0.99634,-0.13013,61c46372c9cacbe5080e7f46,2021/12/23 11:54:25:832,schleudern
0.02930,1.00049,-0.11548,61c46372c9cacbe5080e7f47,2021/12/23 11:54:26:333,schleudern
0.04199,0.99976,-0.08936,61c46373c9cacbe5080e7f48,2021/12/23 11:54:26:835,schleudern
0.04663,0.99902,-0.10254,61c46373c9cacbe5080e7f49,2021/12/23 11:54:27:335,schleudern
0.04053,0.99341,-0.13184,61c46374c9cacbe5080e7f4a,2021/12/23 11:54:27:835,schleudern
0.04150,1.00415,-0.11157,61c46374c9cacbe5080e7f4b,2021/12/23 11:54:28:336,schleudern
0.04346,0.99731,-0.13013,61c46375c9cacbe5080e7f4c,2021/12/23 11:54:28:836,schleudern
0.04614,0.99219,-0.12695,61c46375c9cacbe5080e7f4d,2021/12/23 11:54:29:337,schleudern
0.03931,0.99536,-0.12915,61c46376c9cacbe5080e7f4e,2021/12/23 11:54:29:837,schleudern
0.04272,0.99341,-0.12231,61c46376c9cacbe5080e7f4f,2021/12/23 11:54:30:337,schleudern
0.03198,0.99902,-0.11304,61c46377c9cacbe5080e7f50,2021/12/23 11:54:30:838,schleudern
0.04028,0.99585,-0.12256,61c46377c9cacbe5080e7f51,2021/12/23 11:54:31:340,schleudern
0.04297,1.00049,-0.15259,61c46378c9cacbe5080e7f52,2021/12/23 11:54:31:840,schleudern
0.04224,0.99878,-0.12866,61c46386d02bd32cf92c71b4,2021/12/23 11:54:45:532,pumpen
0.03638,0.99438,-0.11133,61c46387d02bd32cf92c71b5,2021/12/23 11:54:46:32,pumpen
0.04102,1.00635,-0.13818,61c46387d02bd32cf92c71b6,2021/12/23 11:54:46:532,pumpen
0.04102,0.99634,-0.12109,61c46388d02bd32cf92c71b7,2021/12/23 11:54:47:31,pumpen
0.03613,0.99902,-0.09692,61c46388d02bd32cf92c71b8,2021/12/23 11:54:47:532,pumpen
0.03711,0.99268,-0.14917,61c46388d02bd32cf92c71b9,2021/12/23 11:54:48:30,pumpen
0.04004,1.00195,-0.12427,61c46389d02bd32cf92c71ba,2021/12/23 11:54:48:530,pumpen
0.03540,1.00171,-0.11328,61c4638ad02bd32cf92c71bb,2021/12/23 11:54:49:30,pumpen
0.03955,1.00049,-0.13159,61c4638ad02bd32cf92c71bc,2021/12/23 11:54:49:528,pumpen
0.02808,0.99878,-0.11938,61c4638ad02bd32cf92c71bd,2021/12/23 11:54:50:28,pumpen
0.02637,1.00220,-0.08374,61c4638bd02bd32cf92c71be,2021/12/23 11:54:50:528,pumpen
0.03613,0.99927,-0.13818,61c4638bd02bd32cf92c71bf,2021/12/23 11:54:51:27,pumpen
0.02881,1.00000,-0.11816,61c4638cd02bd32cf92c71c0,2021/12/23 11:54:51:527,pumpen
0.04126,0.99561,-0.08203,61c4638dd02bd32cf92c71c1,2021/12/23 11:54:52:26,pumpen
0.03003,0.99463,-0.11792,61c4638dd02bd32cf92c71c2,2021/12/23 11:54:52:527,pumpen
0.03662,0.98828,-0.12134,61c4638dd02bd32cf92c71c3,2021/12/23 11:54:53:25,pumpen
0.03467,1.00513,-0.13257,61c4638ed02bd32cf92c71c4,2021/12/23 11:54:53:525,pumpen
0.03418,0.99951,-0.14600,61c4638ed02bd32cf92c71c5,2021/12/23 11:54:54:25,pumpen
0.04858,0.99854,-0.13623,61c4638fd02bd32cf92c71c6,2021/12/23 11:54:54:525,pumpen
0.03442,0.99902,-0.12451,61c46390d02bd32cf92c71c7,2021/12/23 11:54:55:23,pumpen
0.03735,0.99170,-0.11890,61c46390d02bd32cf92c71c8,2021/12/23 11:54:55:522,pumpen
0.03101,1.00366,-0.14038,61c46390d02bd32cf92c71c9,2021/12/23 11:54:56:21,pumpen
0.03320,0.99634,-0.14014,61c46391d02bd32cf92c71ca,2021/12/23 11:54:56:520,pumpen
0.03125,0.99683,-0.12891,61c46392d02bd32cf92c71cb,2021/12/23 11:54:57:20,pumpen
0.03809,0.99927,-0.10547,61c46392d02bd32cf92c71cc,2021/12/23 11:54:57:518,pumpen
0.04712,0.99536,-0.13403,61c46393d02bd32cf92c71cd,2021/12/23 11:54:58:18,pumpen
0.03125,1.00024,-0.11255,61c46393d02bd32cf92c71ce,2021/12/23 11:54:58:517,pumpen
0.03198,0.99536,-0.12524,61c46393d02bd32cf92c71cf,2021/12/23 11:54:59:16,pumpen
0.03540,0.99438,-0.09863,61c46394d02bd32cf92c71d0,2021/12/23 11:54:59:515,pumpen
0.03809,1.00317,-0.12915,61c46395d02bd32cf92c71d1,2021/12/23 11:55:0:15,pumpen
0.03760,1.00269,-0.14502,61c46395d02bd32cf92c71d2,2021/12/23 11:55:0:513,pumpen
0.02832,0.99707,-0.13867,61c46395d02bd32cf92c71d3,2021/12/23 11:55:1:12,pumpen
0.03809,0.99634,-0.10449,61c46396d02bd32cf92c71d4,2021/12/23 11:55:1:511,pumpen
0.03662,0.99780,-0.13306,61c46396d02bd32cf92c71d5,2021/12/23 11:55:2:10,pumpen
0.04688,1.00000,-0.11157,61c46397d02bd32cf92c71d6,2021/12/23 11:55:2:510,pumpen
0.03320,0.99878,-0.13696,61c46398d02bd32cf92c71d7,2021/12/23 11:55:3:10,pumpen
0.03174,0.99585,-0.12549,61c46398d02bd32cf92c71d8,2021/12/23 11:55:3:508,pumpen
0.04004,1.00098,-0.11646,61c46399d02bd32cf92c71d9,2021/12/23 11:55:4:6,pumpen
0.03345,0.98901,-0.12524,61c46399d02bd32cf92c71da,2021/12/23 11:55:4:506,pumpen
0.03857,0.99146,-0.11182,61c46399d02bd32cf92c71db,2021/12/23 11:55:5:5,pumpen
0.04395,1.00195,-0.12231,61c4639ad02bd32cf92c71dc,2021/12/23 11:55:5:505,pumpen
0.04370,1.00464,-0.12964,61c4639ad02bd32cf92c71dd,2021/12/23 11:55:6:5,pumpen
0.05078,0.99194,-0.11206,61c4639bd02bd32cf92c71de,2021/12/23 11:55:6:503,pumpen
0.03638,0.99731,-0.13037,61c4639cd02bd32cf92c71df,2021/12/23 11:55:7:3,pumpen
0.04370,1.00171,-0.12891,61c4639cd02bd32cf92c71e0,2021/12/23 11:55:7:502,pumpen
0.04858,0.99194,-0.10889,61c4639cd02bd32cf92c71e1,2021/12/23 11:55:8:2,pumpen
0.03418,1.00293,-0.12354,61c4639dd02bd32cf92c71e2,2021/12/23 11:55:8:501,pumpen
0.03857,0.99707,-0.13110,61c4639dd02bd32cf92c71e3,2021/12/23 11:55:9:0,pumpen
0.04077,1.00220,-0.11353,61c4639ed02bd32cf92c71e4,2021/12/23 11:55:9:500,pumpen
0.03491,1.00195,-0.11230,61c4639ed02bd32cf92c71e5,2021/12/23 11:55:10:0,pumpen
0.05078,0.99316,-0.09277,61c4639fd02bd32cf92c71e6,2021/12/23 11:55:10:498,pumpen
0.03711,1.00391,-0.13403,61c4639fd02bd32cf92c71e7,2021/12/23 11:55:10:997,pumpen
0.04419,1.00220,-0.13403,61c463a0d02bd32cf92c71e8,2021/12/23 11:55:11:496,pumpen
0.04663,0.98730,-0.10278,61c463a0d02bd32cf92c71e9,2021/12/23 11:55:11:996,pumpen
0.04150,1.00244,-0.12329,61c463a1d02bd32cf92c71ea,2021/12/23 11:55:12:495,pumpen
0.05054,1.00269,-0.12402,61c463a1d02bd32cf92c71eb,2021/12/23 11:55:12:995,pumpen
0.04614,1.00244,-0.12158,61c463a2d02bd32cf92c71ec,2021/12/23 11:55:13:495,pumpen
0.03882,0.99707,-0.12744,61c463a2d02bd32cf92c71ed,2021/12/23 11:55:13:993,pumpen
0.02881,0.99634,-0.12476,61c463a3d02bd32cf92c71ee,2021/12/23 11:55:14:492,pumpen
0.04370,1.00342,-0.12573,61c463a4d02bd32cf92c71ef,2021/12/23 11:55:14:992,pumpen
0.04175,0.99487,-0.13184,61c463a4d02bd32cf92c71f0,2021/12/23 11:55:15:491,pumpen
0.05298,0.99561,-0.12964,61c463a4d02bd32cf92c71f1,2021/12/23 11:55:15:991,pumpen
0.05151,1.00024,-0.12061,61c463a5d02bd32cf92c71f2,2021/12/23 11:55:16:490,pumpen
0.05151,0.99585,-0.11743,61c463a5d02bd32cf92c71f3,2021/12/23 11:55:16:990,pumpen
0.04346,1.00488,-0.13550,61c463a6d02bd32cf92c71f4,2021/12/23 11:55:17:488,pumpen
0.03076,1.00391,-0.08252,61c463a7d02bd32cf92c71f5,2021/12/23 11:55:17:987,pumpen
0.03320,1.00098,-0.11523,61c463a7d02bd32cf92c71f6,2021/12/23 11:55:18:486,pumpen
0.04150,0.99927,-0.09033,61c463a7d02bd32cf92c71f7,2021/12/23 11:55:18:985,pumpen
0.04785,1.00562,-0.13452,61c463a8d02bd32cf92c71f8,2021/12/23 11:55:19:485,pumpen
0.03467,0.99536,-0.08765,61c463a8d02bd32cf92c71f9,2021/12/23 11:55:19:985,pumpen
0.03857,0.99194,-0.10400,61c463a9d02bd32cf92c71fa,2021/12/23 11:55:20:483,pumpen
0.03076,0.99463,-0.11304,61c463aad02bd32cf92c71fb,2021/12/23 11:55:20:983,pumpen
0.04053,0.99805,-0.10327,61c463aad02bd32cf92c71fc,2021/12/23 11:55:21:482,pumpen
0.04736,1.00000,-0.10303,61c463aad02bd32cf92c71fd,2021/12/23 11:55:21:982,pumpen
0.04077,0.98901,-0.09351,61c463abd02bd32cf92c71fe,2021/12/23 11:55:22:481,pumpen
0.04150,1.00610,-0.12549,61c463acd02bd32cf92c71ff,2021/12/23 11:55:22:981,pumpen
0.04712,0.99561,-0.10938,61c463acd02bd32cf92c7200,2021/12/23 11:55:23:480,pumpen
0.04053,0.99609,-0.12158,61c463add02bd32cf92c7201,2021/12/23 11:55:23:980,pumpen
0.04346,0.99561,-0.09888,61c463add02bd32cf92c7202,2021/12/23 11:55:24:480,pumpen
0.04321,0.99927,-0.10938,61c463add02bd32cf92c7203,2021/12/23 11:55:24:978,pumpen
0.03320,1.00708,-0.10938,61c463aed02bd32cf92c7204,2021/12/23 11:55:25:477,pumpen
0.03442,1.00098,-0.12866,61c463afd02bd32cf92c7205,2021/12/23 11:55:25:977,pumpen
0.04224,0.99658,-0.12622,61c463afd02bd32cf92c7206,2021/12/23 11:55:26:476,pumpen
0.03784,1.00024,-0.10156,61c463b0d02bd32cf92c7207,2021/12/23 11:55:26:975,pumpen
0.03711,0.99170,-0.10474,61c463b0d02bd32cf92c7208,2021/12/23 11:55:27:475,pumpen
0.02808,1.00488,-0.12256,61c463b0d02bd32cf92c7209,2021/12/23 11:55:27:975,pumpen
0.05176,0.99780,-0.11670,61c463b1d02bd32cf92c720a,2021/12/23 11:55:28:473,pumpen
0.04370,0.99609,-0.12988,61c463b2d02bd32cf92c720b,2021/12/23 11:55:28:973,pumpen
0.04004,0.99634,-0.11304,61c463b2d02bd32cf92c720c,2021/12/23 11:55:29:472,pumpen
0.04614,1.00049,-0.12036,61c463b3d02bd32cf92c720d,2021/12/23 11:55:29:971,pumpen
0.03711,0.99951,-0.11475,61c463b3d02bd32cf92c720e,2021/12/23 11:55:30:471,pumpen
0.03979,0.99878,-0.13452,61c463b3d02bd32cf92c720f,2021/12/23 11:55:30:970,pumpen
0.03369,1.00391,-0.10474,61c463b4d02bd32cf92c7210,2021/12/23 11:55:31:470,pumpen
0.03320,1.00269,-0.09668,61c463b5d02bd32cf92c7211,2021/12/23 11:55:31:968,pumpen
0.03662,0.99536,-0.12427,61c463b5d02bd32cf92c7212,2021/12/23 11:55:32:468,pumpen
0.03906,0.99927,-0.11719,61c463b5d02bd32cf92c7213,2021/12/23 11:55:32:967,pumpen
0.03223,0.99780,-0.11401,61c463b6d02bd32cf92c7214,2021/12/23 11:55:33:466,pumpen
0.03418,0.99536,-0.11133,61c463b6d02bd32cf92c7215,2021/12/23 11:55:33:965,pumpen
0.04175,1.00000,-0.13574,61c463b7d02bd32cf92c7216,2021/12/23 11:55:34:465,pumpen
0.03101,0.99390,-0.11768,61c463b8d02bd32cf92c7217,2021/12/23 11:55:34:965,pumpen
0.04175,0.99585,-0.12720,61c463b8d02bd32cf92c7218,2021/12/23 11:55:35:463,pumpen
0.03687,0.98901,-0.10327,61c463b9d02bd32cf92c7219,2021/12/23 11:55:35:962,pumpen
0.04053,0.99365,-0.09619,61c463b9d02bd32cf92c721a,2021/12/23 11:55:36:461,pumpen
0.04272,1.00464,-0.10742,61c463b9d02bd32cf92c721b,2021/12/23 11:55:36:960,pumpen
0.04150,0.99268,-0.10767,61c463bad02bd32cf92c721c,2021/12/23 11:55:37:460,pumpen
0.04272,1.00098,-0.12231,61c463bad02bd32cf92c721d,2021/12/23 11:55:37:958,pumpen
0.04150,0.99658,-0.11060,61c463bbd02bd32cf92c721e,2021/12/23 11:55:38:456,pumpen
0.03955,0.99512,-0.13647,61c463bcd02bd32cf92c721f,2021/12/23 11:55:38:956,pumpen
0.03442,0.99854,-0.12671,61c463bcd02bd32cf92c7220,2021/12/23 11:55:39:455,pumpen
0.03613,0.99658,-0.14136,61c463bcd02bd32cf92c7221,2021/12/23 11:55:39:953,pumpen
0.04224,1.00342,-0.10229,61c463bdd02bd32cf92c7222,2021/12/23 11:55:40:452,pumpen
0.04761,1.00391,-0.13843,61c463bdd02bd32cf92c7223,2021/12/23 11:55:40:952,pumpen
0.04224,0.99438,-0.11499,61c463bed02bd32cf92c7224,2021/12/23 11:55:41:450,pumpen
0.03931,1.00049,-0.14648,61c463bfd02bd32cf92c7225,2021/12/23 11:55:41:950,pumpen
0.04907,0.99268,-0.13403,61c463bfd02bd32cf92c7226,2021/12/23 11:55:42:450,pumpen
0.04761,1.00122,-0.13721,61c463c0d02bd32cf92c7227,2021/12/23 11:55:42:947,pumpen
0.03931,0.99316,-0.08960,61c463c0d02bd32cf92c7228,2021/12/23 11:55:43:446,pumpen
0.04175,0.99561,-0.13379,61c463c0d02bd32cf92c7229,2021/12/23 11:55:43:945,pumpen
0.03662,1.00317,-0.09912,61c463c1d02bd32cf92c722a,2021/12/23 11:55:44:445,pumpen
0.04224,1.00366,-0.11279,61c463c2d02bd32cf92c722b,2021/12/23 11:55:44:943,pumpen
0.03613,0.99463,-0.12793,61c463c2d02bd32cf92c722c,2021/12/23 11:55:45:442,pumpen
0.05322,1.00464,-0.13770,61c463c2d02bd32cf92c722d,2021/12/23 11:55:45:941,pumpen
0.04028,0.99829,-0.12866,61c463c3d02bd32cf92c722e,2021/12/23 11:55:46:440,pumpen
0.03662,0.99170,-0.12354,61c463c4d02bd32cf92c722f,2021/12/23 11:55:46:940,pumpen
0.03955,0.99268,-0.12036,61c463c4d02bd32cf92c7230,2021/12/23 11:55:47:438,pumpen
0.04761,0.99878,-0.11523,61c463c4d02bd32cf92c7231,2021/12/23 11:55:47:937,pumpen
0.04468,0.99634,-0.11670,61c463c5d02bd32cf92c7232,2021/12/23 11:55:48:436,pumpen